Tabiteuea  (8067,2630) 
Northeast USA  (775,1097)  (748,1123)  (748,1096)  (801,1124)  (775,1070)  (802,1070)  (802,1097)  (774,1150)  (747,1150)  (721,1123)  (721,1096)  (828,1124)  (825,1151)  (720,1151)  (806,1043)  (829,1070)  (829,1097)  (833,1039)  (783,1177)  (756,1177)  (729,1178)  (702,1178)  (856,1066)  (856,1093)  (842,1012)  (860,1039)  (869,1003)  (784,1204)  (757,1204)  (730,1205)  (883,1066)  (883,1093)  (887,1030)  (896,986)  (790,1231)  (763,1231)  (736,1232)  (910,1057)  (910,1084)  (914,1013)  (923,986)  (815,1258)  (788,1258)  (761,1259)  (734,1259)  (937,1040)  (937,1067)  (941,1013)  (950,981)  (798,1285)  (771,1286)  (744,1286)  (717,1286) 
133 Sea Zone  (6948,2654)  (6921,2680)  (6921,2653)  (6974,2681)  (6948,2627)  (6975,2632)  (6919,2626)  (6894,2675)  (7001,2659)  (7001,2686)  (7002,2632)  (6892,2648)  (6892,2621)  (7006,2713)  (6979,2722)  (7028,2659)  (7028,2686)  (6865,2666)  (6865,2639)  (7033,2713)  (7033,2740)  (7006,2740)  (6979,2749)  (6952,2756)  (7055,2652)  (7055,2679)  (6838,2653)  (6838,2626)  (7060,2706)  (7060,2733)  (7060,2760)  (7033,2767)  (7006,2767)  (6979,2776)  (7082,2653)  (6811,2653)  (6811,2626) 
Vinnytsia  (3659,895)  (3632,918)  (3632,891)  (3682,922)  (3659,868)  (3686,891) 
W.Tibet  (5352,1483)  (5325,1509)  (5325,1482)  (5378,1510)  (5352,1456)  (5379,1456)  (5379,1483)  (5323,1455)  (5351,1536)  (5324,1536)  (5298,1490)  (5394,1537)  (5350,1429)  (5304,1428)  (5402,1564) 
84 Sea Zone  (6657,1325)  (6630,1351)  (6630,1324)  (6683,1352)  (6657,1298)  (6684,1298)  (6684,1325)  (6628,1297)  (6656,1378)  (6629,1378)  (6603,1351)  (6603,1324)  (6710,1352)  (6710,1379)  (6683,1379)  (6602,1379)  (6655,1271)  (6682,1271)  (6709,1271)  (6711,1298)  (6711,1325)  (6601,1297)  (6601,1270)  (6628,1270)  (6736,1246)  (6656,1405)  (6629,1405)  (6737,1352)  (6737,1379)  (6737,1406)  (6710,1406)  (6683,1406)  (6602,1406)  (6655,1244)  (6682,1244)  (6709,1244)  (6738,1273)  (6738,1300)  (6574,1307)  (6574,1280)  (6574,1253)  (6601,1243)  (6628,1243)  (6575,1414)  (6736,1219)  (6763,1219)  (6763,1246)  (6656,1432)  (6629,1432)  (6764,1327)  (6764,1354)  (6764,1381) 
Eastern Mongolia  (6084,1118)  (6110,1145)  (6083,1145)  (6069,1091)  (6096,1091)  (6056,1158)  (6137,1135)  (6090,1172)  (6059,1064)  (6086,1064)  (6063,1185) 
Syria  (3993,1363)  (3966,1389)  (3966,1362)  (4019,1390)  (3993,1336)  (4020,1336)  (4020,1363)  (3964,1335)  (3992,1416)  (4043,1309)  (4047,1336)  (4047,1363) 
Silesia  (3353,825)  (3377,852)  (3326,817)  (3404,847) 
56 Sea Zone  (3791,1477)  (3764,1481)  (3818,1457)  (3818,1484)  (3737,1473)  (3845,1457)  (3845,1484)  (3872,1457) 
100 Sea Zone  (220,2041)  (193,2067)  (193,2040)  (246,2068)  (220,2014)  (247,2014)  (247,2041)  (191,2013)  (219,2094)  (192,2094)  (166,2067)  (166,2040)  (273,2068)  (273,2095)  (246,2095)  (165,2095)  (218,1987)  (245,1987)  (272,1987)  (274,2014)  (274,2041)  (164,2013)  (164,1986)  (191,1986)  (299,1962)  (219,2121)  (192,2121)  (139,2068)  (139,2041)  (300,2068)  (300,2095)  (300,2122)  (273,2122)  (246,2122)  (165,2122)  (138,2122)  (138,2095)  (218,1960)  (245,1960)  (272,1960)  (301,1989)  (301,2016)  (137,2014)  (137,1987)  (137,1960)  (164,1959)  (191,1959)  (299,1935)  (326,1935)  (326,1962)  (219,2148)  (192,2148)  (112,2068)  (112,2041) 
9 Sea Zone  (2174,416)  (2147,442)  (2147,415)  (2200,443)  (2174,389)  (2201,389)  (2201,416)  (2145,388)  (2173,469)  (2146,469)  (2120,442)  (2120,415)  (2227,443)  (2227,470)  (2200,470)  (2119,470)  (2172,362)  (2199,362)  (2226,362)  (2228,389)  (2228,416)  (2118,388)  (2118,361)  (2145,361)  (2253,337)  (2173,496)  (2146,496)  (2093,443)  (2093,416)  (2254,443)  (2254,470)  (2254,497)  (2227,497)  (2200,497)  (2119,497)  (2092,497)  (2092,470)  (2172,335)  (2199,335)  (2226,335)  (2255,364)  (2255,391)  (2091,389)  (2091,362)  (2091,335)  (2118,334)  (2145,334)  (2253,310)  (2280,310)  (2280,337)  (2173,523)  (2146,523)  (2066,443)  (2066,416) 
Madras  (5248,2017) 
French Sudan  (2754,1905)  (2727,1931)  (2727,1904)  (2780,1932)  (2754,1878)  (2781,1878)  (2781,1905)  (2725,1877)  (2753,1958)  (2726,1958)  (2700,1931)  (2700,1904)  (2807,1932)  (2807,1959)  (2780,1959)  (2699,1959)  (2752,1851)  (2779,1851)  (2806,1851)  (2808,1878)  (2808,1905)  (2698,1877)  (2698,1850)  (2725,1850)  (2833,1826)  (2753,1985)  (2726,1985)  (2673,1932)  (2673,1905)  (2834,1932)  (2834,1959)  (2834,1986)  (2807,1986)  (2780,1986)  (2699,1986)  (2672,1986)  (2672,1959)  (2752,1824)  (2779,1824)  (2806,1824)  (2835,1853)  (2835,1880)  (2671,1878)  (2671,1851)  (2671,1824)  (2698,1823)  (2725,1823)  (2833,1799)  (2860,1799)  (2860,1826)  (2735,2012)  (2646,1932)  (2646,1905) 
28 Sea Zone  (1744,1441)  (1717,1467)  (1717,1440)  (1770,1468)  (1744,1414)  (1771,1414)  (1771,1441)  (1715,1413)  (1743,1494)  (1716,1494)  (1690,1467)  (1690,1440)  (1797,1468)  (1797,1495)  (1770,1495)  (1689,1495)  (1742,1387)  (1769,1387)  (1796,1387)  (1798,1414)  (1798,1441)  (1688,1413)  (1688,1386)  (1715,1386)  (1823,1362)  (1743,1521)  (1716,1521)  (1663,1468)  (1663,1441)  (1824,1468)  (1824,1495)  (1824,1522)  (1797,1522)  (1770,1522)  (1689,1522)  (1662,1522)  (1662,1495)  (1742,1360)  (1769,1360)  (1796,1360)  (1825,1389)  (1825,1416)  (1661,1414)  (1661,1387)  (1661,1360)  (1688,1359)  (1715,1359)  (1823,1335)  (1850,1335)  (1850,1362)  (1743,1548)  (1716,1548)  (1636,1468)  (1636,1441) 
West Papua  (7100,2521)  (7073,2507)  (7126,2548)  (7099,2548)  (7100,2494)  (7127,2494)  (7127,2521)  (7072,2555)  (7153,2548)  (7115,2575)  (7103,2467)  (7130,2467)  (7154,2494)  (7154,2521)  (7157,2464)  (7088,2582)  (7181,2491)  (7181,2518)  (7109,2609)  (7082,2619)  (7208,2534) 
Koryakia  (7216,93)  (7189,119)  (7189,92)  (7242,120)  (7216,66)  (7243,66)  (7243,93)  (7187,65)  (7215,146)  (7188,146)  (7162,119)  (7162,92)  (7269,120)  (7269,147)  (7242,147)  (7161,147)  (7214,39)  (7241,39)  (7268,39)  (7270,66)  (7270,93)  (7160,65)  (7160,38)  (7187,38)  (7295,14)  (7215,173)  (7188,173)  (7135,120)  (7135,93)  (7296,120)  (7296,147)  (7296,174)  (7269,174)  (7242,174)  (7161,174)  (7214,12)  (7241,12)  (7268,12)  (7297,41)  (7297,68)  (7133,66)  (7133,39)  (7133,12)  (7160,11)  (7187,11)  (7134,189)  (7322,3)  (7215,200)  (7188,200)  (7323,95)  (7323,122)  (7323,149)  (7323,176) 
Saipan  (7111,1829) 
Hokkaido  (6873,1137)  (6863,1110)  (6900,1120)  (6900,1147)  (6852,1167)  (6927,1120)  (6954,1119) 
Hyderabad  (5225,1826)  (5198,1823)  (5251,1853)  (5224,1853)  (5225,1799)  (5252,1799)  (5252,1826)  (5194,1796)  (5197,1870)  (5258,1880)  (5231,1880)  (5221,1772)  (5248,1772)  (5275,1772)  (5279,1799)  (5279,1826)  (5190,1769)  (5204,1897)  (5177,1897)  (5302,1749)  (5252,1907)  (5217,1745)  (5244,1745)  (5271,1745)  (5225,1924)  (5198,1924)  (5214,1718)  (5241,1718)  (5244,1951)  (5217,1951)  (5190,1951)  (5199,1978)  (5191,2005) 
Picardy  (2979,861)  (3016,887) 
125 Sea Zone  (377,3501)  (350,3527)  (350,3500)  (403,3528)  (377,3474)  (404,3474)  (404,3501)  (348,3473)  (376,3554)  (349,3554)  (323,3527)  (323,3500)  (430,3528)  (430,3555)  (403,3555)  (322,3555)  (375,3447)  (402,3447)  (429,3447)  (431,3474)  (431,3501)  (321,3473)  (321,3446)  (348,3446)  (456,3422)  (376,3581)  (349,3581)  (296,3528)  (296,3501)  (457,3528)  (457,3555)  (457,3582)  (430,3582)  (403,3582)  (322,3582)  (295,3582)  (295,3555)  (375,3420)  (402,3420)  (429,3420)  (458,3449)  (458,3476)  (294,3474)  (294,3447)  (294,3420)  (321,3419)  (348,3419)  (456,3395)  (483,3395)  (483,3422)  (376,3608)  (349,3608)  (269,3528)  (269,3501) 
Aden  (4291,1973)  (4264,1999)  (4264,1972)  (4309,2000)  (4291,1946)  (4318,1946)  (4318,1973)  (4262,1945)  (4242,2026)  (4301,1919)  (4345,1931)  (4345,1958)  (4345,1985)  (4215,2030)  (4372,1931)  (4372,1958) 
23 Sea Zone  (3257,682)  (3243,655)  (3270,655)  (3284,685)  (3245,628)  (3311,692)  (3238,601)  (3338,688)  (3224,572) 
64 Sea Zone  (5349,2356)  (5322,2382)  (5322,2355)  (5375,2383)  (5349,2329)  (5376,2329)  (5376,2356)  (5320,2328)  (5348,2409)  (5321,2409)  (5295,2382)  (5295,2355)  (5402,2383)  (5402,2410)  (5375,2410)  (5294,2410)  (5347,2302)  (5374,2302)  (5401,2302)  (5403,2329)  (5403,2356)  (5293,2328)  (5293,2301)  (5320,2301)  (5428,2277)  (5348,2436)  (5321,2436)  (5268,2383)  (5268,2356)  (5429,2383)  (5429,2410)  (5429,2437)  (5402,2437)  (5375,2437)  (5294,2437)  (5267,2437)  (5267,2410)  (5347,2275)  (5374,2275)  (5401,2275)  (5430,2304)  (5430,2331)  (5266,2329)  (5266,2302)  (5266,2275)  (5293,2274)  (5320,2274)  (5428,2250)  (5455,2250)  (5455,2277)  (5348,2463)  (5321,2463)  (5241,2383)  (5241,2356) 
Western Australia  (6355,2990)  (6328,3016)  (6328,2989)  (6381,3017)  (6355,2963)  (6382,2963)  (6382,2990)  (6326,2962)  (6354,3043)  (6327,3043)  (6301,3016)  (6301,2989)  (6408,3017)  (6408,3044)  (6381,3044)  (6300,3044)  (6363,2936)  (6390,2936)  (6409,2963)  (6409,2990)  (6299,2962)  (6417,2932)  (6354,3070)  (6327,3070)  (6274,3017)  (6274,2990)  (6435,3017)  (6435,3044)  (6382,3071)  (6300,3071)  (6273,3071)  (6273,3044)  (6436,2959)  (6436,2986)  (6247,3017)  (6462,3013)  (6462,3040)  (6246,3064)  (6463,2942)  (6463,2969)  (6489,2996)  (6489,3023)  (6489,3050)  (6490,2939)  (6490,2966)  (6513,2860)  (6514,2909)  (6517,2936)  (6517,2963)  (6517,2990)  (6540,2837)  (6540,2864) 
76 Sea Zone  (7287,1075)  (7260,1101)  (7260,1074)  (7313,1102)  (7287,1048)  (7314,1048)  (7314,1075)  (7258,1047)  (7286,1128)  (7259,1128)  (7233,1101)  (7233,1074)  (7340,1102)  (7340,1129)  (7313,1129)  (7232,1129)  (7285,1021)  (7312,1021)  (7339,1021)  (7341,1048)  (7341,1075)  (7231,1047)  (7231,1020)  (7258,1020)  (7366,996)  (7286,1155)  (7259,1155)  (7206,1102)  (7206,1075)  (7367,1102)  (7367,1129)  (7367,1156)  (7340,1156)  (7313,1156)  (7232,1156)  (7205,1156)  (7205,1129)  (7285,994)  (7312,994)  (7339,994)  (7368,1023)  (7368,1050)  (7204,1048)  (7234,993)  (7366,969)  (7393,969)  (7393,996)  (7286,1182)  (7259,1182)  (7179,1102)  (7179,1075) 
Andaman  (5600,2032) 
15 Sea Zone  (1767,1051)  (1740,1077)  (1740,1050)  (1793,1078)  (1767,1024)  (1794,1024)  (1794,1051)  (1738,1023)  (1766,1104)  (1739,1104)  (1713,1077)  (1713,1050)  (1820,1078)  (1820,1105)  (1793,1105)  (1712,1105)  (1765,997)  (1792,997)  (1819,997)  (1821,1024)  (1821,1051)  (1711,1023)  (1711,996)  (1738,996)  (1846,972)  (1766,1131)  (1739,1131)  (1686,1078)  (1686,1051)  (1847,1078)  (1847,1105)  (1847,1132)  (1820,1132)  (1793,1132)  (1712,1132)  (1685,1132)  (1685,1105)  (1765,970)  (1792,970)  (1819,970)  (1848,999)  (1848,1026)  (1684,1024)  (1684,997)  (1684,970)  (1711,969)  (1738,969)  (1846,945)  (1873,945)  (1873,972)  (1766,1158)  (1739,1158) 
4 Sea Zone  (2656,136)  (2629,162)  (2629,135)  (2682,163)  (2656,109)  (2683,109)  (2683,136)  (2627,108)  (2655,189)  (2628,189)  (2602,162)  (2602,135)  (2709,163)  (2709,190)  (2682,190)  (2601,190)  (2654,82)  (2681,82)  (2708,82)  (2710,109)  (2710,136)  (2600,108)  (2600,81)  (2627,81)  (2735,57)  (2655,216)  (2628,216)  (2575,163)  (2575,136)  (2736,163)  (2736,190)  (2736,217)  (2709,217)  (2682,217)  (2601,217)  (2574,217)  (2574,190)  (2654,55)  (2681,55)  (2708,55)  (2737,84)  (2737,111)  (2573,109)  (2573,82)  (2573,55)  (2600,54)  (2627,54)  (2735,30)  (2762,30)  (2762,57)  (2655,243)  (2628,243)  (2548,163)  (2548,136) 
Palmyra  (8684,2253) 
97 Sea Zone  (8183,2125)  (8156,2151)  (8156,2124)  (8209,2152)  (8183,2098)  (8210,2098)  (8210,2125)  (8154,2097)  (8182,2178)  (8155,2178)  (8129,2151)  (8129,2124)  (8236,2152)  (8236,2179)  (8209,2179)  (8128,2179)  (8181,2071)  (8208,2071)  (8235,2071)  (8237,2098)  (8237,2125)  (8127,2097)  (8127,2070)  (8154,2070)  (8262,2046)  (8182,2205)  (8155,2205)  (8102,2152)  (8102,2125)  (8263,2152)  (8263,2179)  (8263,2206)  (8236,2206)  (8209,2206)  (8128,2206)  (8101,2206)  (8101,2179)  (8181,2044)  (8208,2044)  (8235,2044)  (8264,2073)  (8264,2100)  (8100,2098)  (8100,2071)  (8100,2044)  (8127,2043)  (8154,2043)  (8262,2019)  (8289,2019)  (8289,2046)  (8182,2232)  (8155,2232)  (8075,2152)  (8075,2125) 
La Mancha  (2756,1207)  (2739,1157) 
92 Sea Zone  (6023,1852)  (6043,1879)  (6050,1829)  (6070,1856)  (6070,1883)  (6077,1808)  (6097,1835)  (6097,1862)  (6097,1889)  (6105,1916)  (6119,1943)  (6135,1970)  (6138,1997)  (6146,1921)  (6158,1803)  (6162,1948)  (6165,1975)  (6165,2002)  (6173,1914)  (6185,1796)  (6189,1941)  (6192,1968)  (6192,1995)  (6206,1914)  (6212,1786)  (6212,1813)  (6216,1941)  (6219,1968)  (6219,1995)  (6221,1887)  (6233,1914)  (6239,1774)  (6239,1801)  (6240,1828)  (6241,1855)  (6243,1941)  (6246,1968)  (6246,1995)  (6248,1882)  (6260,1909)  (6266,1785)  (6267,1812)  (6268,1839)  (6270,1936)  (6273,1963)  (6273,1990)  (6275,1866)  (6287,1893)  (6293,1785)  (6294,1812)  (6295,1839) 
Hulunbuir  (6224,1070)  (6197,1096)  (6197,1069)  (6250,1097)  (6230,1043)  (6251,1070)  (6257,1037)  (6170,1105)  (6170,1078)  (6277,1097)  (6277,1124)  (6250,1124)  (6278,1064)  (6233,1010)  (6260,1010)  (6284,1037)  (6287,1007)  (6258,983)  (6285,980)  (6289,953) 
Bulgaria  (3619,1160)  (3592,1183)  (3597,1133)  (3646,1136) 
Rio De Janeiro  (1318,2722)  (1291,2748)  (1291,2721)  (1344,2749)  (1318,2695)  (1345,2695)  (1345,2722)  (1289,2694)  (1317,2775)  (1290,2775)  (1264,2748)  (1264,2721)  (1371,2749)  (1371,2776)  (1344,2776)  (1263,2776)  (1316,2668)  (1343,2668)  (1370,2668)  (1372,2695)  (1372,2722)  (1262,2694)  (1262,2667)  (1289,2667)  (1397,2643)  (1317,2802)  (1290,2802)  (1237,2749)  (1237,2722)  (1398,2749)  (1398,2776)  (1398,2803)  (1371,2803)  (1344,2803)  (1263,2803)  (1236,2797)  (1316,2641)  (1343,2641)  (1370,2641)  (1399,2670)  (1399,2697)  (1235,2695)  (1235,2668)  (1235,2641)  (1262,2640)  (1289,2640)  (1397,2616)  (1424,2616)  (1424,2643)  (1317,2829)  (1290,2829)  (1210,2770)  (1210,2743) 
Changchun  (6532,1208) 
Italian East Africa  (4080,2211)  (4053,2237)  (4053,2210)  (4106,2238)  (4080,2184)  (4107,2184)  (4107,2211)  (4051,2183)  (4079,2264)  (4052,2264)  (4026,2237)  (4026,2210)  (4133,2238)  (4133,2265)  (4106,2265)  (4025,2265)  (4078,2157)  (4105,2157)  (4132,2157)  (4134,2184)  (4134,2211)  (4024,2183)  (4024,2156)  (4051,2156)  (3999,2238)  (3999,2211)  (4160,2238)  (4160,2265)  (4160,2292)  (4133,2292)  (4106,2292)  (4039,2292)  (4135,2130)  (4161,2186)  (3997,2184)  (3997,2157)  (3997,2130)  (4024,2129)  (4051,2129)  (3972,2230)  (4187,2213)  (4187,2240)  (4187,2267)  (4187,2294)  (4160,2319)  (4133,2319)  (4106,2319)  (3971,2103)  (3970,2203)  (3970,2176)  (3970,2149) 
Munster  (2683,659)  (2656,676) 
Port Moresby  (7168,2608) 
117 Sea Zone  (8786,2701)  (8759,2727)  (8759,2700)  (8812,2728)  (8786,2674)  (8813,2674)  (8813,2701)  (8757,2673)  (8785,2754)  (8758,2754)  (8732,2727)  (8732,2700)  (8839,2728)  (8839,2755)  (8812,2755)  (8731,2755)  (8784,2647)  (8811,2647)  (8838,2647)  (8840,2674)  (8840,2701)  (8730,2673)  (8730,2646)  (8757,2646)  (8865,2622)  (8785,2781)  (8758,2781)  (8705,2728)  (8705,2701)  (8866,2728)  (8866,2755)  (8866,2782)  (8839,2782)  (8812,2782)  (8731,2782)  (8704,2782)  (8704,2755)  (8784,2620)  (8811,2620)  (8838,2620)  (8867,2649)  (8867,2676)  (8703,2674)  (8703,2647)  (8703,2620)  (8730,2619)  (8757,2619)  (8865,2595)  (8892,2595)  (8892,2622)  (8785,2808)  (8758,2808)  (8678,2728)  (8678,2701) 
51 Sea Zone  (3627,1438)  (3600,1464)  (3600,1437)  (3653,1465)  (3627,1411)  (3598,1410)  (3654,1398)  (3626,1491)  (3625,1384)  (3681,1384)  (3708,1389) 
Calcutta  (5371,1785)  (5344,1811)  (5344,1784)  (5396,1812)  (5371,1758)  (5398,1758)  (5398,1785)  (5361,1838)  (5334,1838)  (5317,1803)  (5409,1731)  (5425,1758)  (5436,1720)  (5332,1865)  (5452,1747)  (5305,1877)  (5463,1698)  (5479,1725)  (5479,1752)  (5299,1904)  (5506,1706)  (5506,1733)  (5516,1760)  (5533,1720) 
Kyushu  (6691,1477)  (6718,1452)  (6635,1550)  (6665,1571)  (6670,1598) 
48 Sea Zone  (3439,1429)  (3412,1455)  (3412,1428)  (3439,1402)  (3466,1402)  (3466,1429)  (3410,1401)  (3407,1482)  (3385,1455)  (3385,1428)  (3493,1386)  (3493,1413)  (3493,1440)  (3383,1401)  (3380,1487)  (3358,1460)  (3358,1433)  (3520,1386)  (3520,1413)  (3520,1440)  (3356,1406)  (3406,1514)  (3353,1498)  (3528,1467)  (3331,1471)  (3547,1394)  (3547,1421) 
Minsk  (3668,693)  (3641,679)  (3682,720)  (3655,720)  (3668,666)  (3695,666)  (3695,693)  (3669,747)  (3651,639)  (3678,639) 
Jilolo  (6687,2350) 
89 Sea Zone  (8271,1268)  (8244,1294)  (8244,1267)  (8297,1295)  (8271,1241)  (8298,1241)  (8298,1268)  (8242,1240)  (8270,1321)  (8243,1321)  (8217,1294)  (8217,1267)  (8324,1295)  (8324,1322)  (8297,1322)  (8216,1322)  (8269,1214)  (8296,1214)  (8323,1214)  (8325,1241)  (8325,1268)  (8215,1240)  (8215,1213)  (8242,1213)  (8350,1189)  (8270,1348)  (8243,1348)  (8190,1295)  (8190,1268)  (8351,1295)  (8351,1322)  (8351,1349)  (8324,1349)  (8297,1349)  (8216,1349)  (8189,1349)  (8189,1322)  (8269,1187)  (8296,1187)  (8323,1187)  (8352,1216)  (8352,1243)  (8188,1241)  (8188,1214)  (8188,1187)  (8215,1186)  (8242,1186)  (8350,1162)  (8377,1162)  (8377,1189)  (8270,1375)  (8243,1375) 
Tohoku  (6869,1293) 
Kenya  (3904,2483)  (3877,2509)  (3877,2482)  (3930,2510)  (3904,2456)  (3931,2456)  (3931,2483)  (3875,2455)  (3903,2536)  (3876,2536)  (3850,2509)  (3850,2482)  (3957,2510)  (3957,2537)  (3930,2537)  (3849,2537)  (3902,2429)  (3929,2429)  (3956,2429)  (3958,2456)  (3958,2483)  (3848,2455)  (3848,2428)  (3875,2428)  (3983,2404)  (3903,2563)  (3876,2563)  (3823,2510)  (3823,2483)  (3984,2510)  (3984,2537)  (3984,2564)  (3957,2564)  (3930,2564)  (3849,2564)  (3822,2564)  (3822,2537)  (3902,2402)  (3929,2402)  (3956,2402)  (3985,2431)  (3985,2458)  (3821,2456)  (3821,2429)  (3821,2402)  (3848,2401)  (3875,2401)  (3983,2377)  (4010,2377)  (4010,2404)  (3903,2590)  (3876,2590)  (3796,2510)  (3796,2483) 
Gobi Altai  (5653,1184)  (5626,1201)  (5626,1174)  (5679,1211)  (5680,1160)  (5599,1177)  (5706,1187)  (5706,1214)  (5712,1241)  (5739,1241)  (5759,1268) 
43 Sea Zone  (2942,1216)  (2915,1242)  (2968,1243)  (2956,1189)  (2969,1216)  (2983,1175)  (2888,1248)  (2995,1243)  (2996,1202)  (2966,1148)  (2861,1251) 
Kweichow  (5930,1663)  (5903,1682)  (5903,1655)  (5956,1690)  (5930,1636)  (5957,1636)  (5957,1663)  (5897,1628)  (5929,1709)  (5984,1615)  (5984,1642)  (5870,1651)  (5929,1736)  (6011,1619)  (6011,1646)  (6038,1624) 
Hollandia  (6953,2441)  (6980,2429)  (6980,2456)  (7007,2426)  (7007,2453)  (7034,2436)  (7034,2463)  (6869,2406)  (7061,2444)  (6842,2398) 
Cuba  (705,1738)  (675,1726)  (744,1778) 
Sicily  (3298,1372) 
N.Buryat Mongolia  (6043,758)  (6016,784)  (6016,757)  (6069,785)  (6043,731)  (6070,731)  (6070,758)  (6014,730)  (6042,811)  (6015,811)  (5989,784)  (5989,757)  (6096,785)  (6096,812)  (6069,812)  (5988,812)  (6052,704)  (6079,704)  (6097,731)  (6097,758)  (6106,695)  (6077,677)  (6124,722)  (6124,749)  (6104,668)  (6131,668)  (6133,695)  (6151,722)  (6151,749)  (6158,643)  (6106,641)  (6160,670)  (6178,697)  (6178,724)  (6178,751)  (6185,632)  (6187,659)  (6205,686)  (6205,713)  (6205,740)  (6212,632)  (6232,735) 
Ulan Bator  (5810,1114)  (5783,1140)  (5783,1113)  (5836,1141)  (5810,1087)  (5837,1087)  (5837,1114)  (5781,1086)  (5756,1142)  (5756,1115)  (5863,1141)  (5852,1168)  (5864,1077)  (5864,1104)  (5754,1088)  (5737,1061)  (5729,1124)  (5890,1131)  (5891,1087)  (5727,1097)  (5917,1131) 
Trucial Coast  (4418,1748)  (4391,1751)  (4445,1745)  (4366,1724)  (4472,1735)  (4499,1714) 
Normandy  (2895,890)  (2868,903) 
Darfur  (3642,1936)  (3615,1962)  (3615,1935)  (3668,1963)  (3642,1909)  (3669,1909)  (3669,1936)  (3613,1908)  (3641,1989)  (3614,1989)  (3588,1962)  (3588,1935)  (3695,1963)  (3695,1990)  (3668,1990)  (3587,1990)  (3640,1882)  (3667,1882)  (3694,1882)  (3696,1909)  (3696,1936)  (3586,1908)  (3586,1881)  (3613,1881)  (3721,1878)  (3641,2016)  (3614,2016)  (3561,1963)  (3561,1936)  (3722,1963)  (3722,1990)  (3714,2017)  (3687,2017)  (3587,2017)  (3560,2017)  (3560,1990)  (3640,1855)  (3667,1855)  (3694,1855)  (3723,1905)  (3723,1932)  (3559,1909)  (3559,1882)  (3559,1855)  (3586,1854)  (3613,1854)  (3660,2043)  (3633,2043)  (3749,1959)  (3550,1828)  (3640,1828)  (3667,1828)  (3694,1828)  (3750,1903)  (3750,1930) 
Azores  (2211,1117) 
Montreal  (1205,472) 
Central America  (455,1902)  (428,1928)  (428,1901)  (481,1929)  (455,1875)  (482,1875)  (482,1902)  (426,1874)  (454,1955)  (508,1929)  (498,1956)  (509,1878)  (399,1890)  (399,1863)  (471,1982)  (372,1889)  (372,1862)  (370,1835)  (495,2009)  (345,1895)  (345,1868)  (549,2029)  (522,2029)  (318,1882)  (318,1855) 
Gibraltar  (2587,1337) 
Cyprus  (3864,1352) 
35 Sea Zone  (1977,2442)  (1950,2468)  (1950,2441)  (2003,2469)  (1977,2415)  (2004,2415)  (2004,2442)  (1948,2414)  (1976,2495)  (1949,2495)  (1923,2468)  (1923,2441)  (2030,2469)  (2030,2496)  (2003,2496)  (1922,2496)  (1975,2388)  (2002,2388)  (2029,2388)  (2031,2415)  (2031,2442)  (1921,2414)  (1921,2387)  (1948,2387)  (2056,2363)  (1976,2522)  (1949,2522)  (1896,2469)  (1896,2442)  (2057,2469)  (2057,2496)  (2057,2523)  (2030,2523)  (2003,2523)  (1922,2523)  (1895,2523)  (1895,2496)  (1975,2361)  (2002,2361)  (2029,2361)  (2058,2390)  (2058,2417)  (1894,2415)  (1894,2388)  (1894,2361)  (1921,2360)  (1948,2360)  (2056,2336)  (2083,2336)  (2083,2363)  (1976,2549)  (1949,2549)  (1869,2469)  (1869,2442) 
44 Sea Zone  (3071,1202)  (3044,1224)  (3044,1197)  (3073,1175)  (3098,1202)  (3100,1173)  (3126,1140) 
Timor  (6574,2572) 
Smolensk  (3763,571)  (3789,598)  (3762,598)  (3752,544)  (3779,544)  (3790,571)  (3735,614)  (3785,625)  (3757,517)  (3758,641) 
Ghadames  (3157,1592)  (3130,1618)  (3130,1591)  (3183,1619)  (3157,1565)  (3184,1565)  (3184,1592)  (3128,1564)  (3156,1645)  (3210,1641)  (3183,1646)  (3131,1537)  (3210,1668) 
Samar  (6589,2082) 
72 Sea Zone  (7742,327)  (7715,353)  (7715,326)  (7768,354)  (7742,300)  (7769,300)  (7769,327)  (7713,299)  (7741,380)  (7714,380)  (7688,353)  (7688,326)  (7795,354)  (7795,381)  (7768,381)  (7687,381)  (7740,273)  (7767,273)  (7794,273)  (7796,300)  (7796,327)  (7686,299)  (7686,272)  (7713,272)  (7821,248)  (7741,407)  (7714,407)  (7661,354)  (7661,327)  (7822,354)  (7822,381)  (7822,408)  (7795,408)  (7768,408)  (7687,408)  (7660,408)  (7660,381)  (7740,246)  (7767,246)  (7794,246)  (7823,275)  (7823,302)  (7659,300)  (7659,273)  (7659,246)  (7686,245)  (7713,245)  (7821,221)  (7848,221)  (7848,248)  (7741,434)  (7714,434)  (7634,354)  (7634,327) 
Rome  (3289,1215) 
Kotka  (3569,449)  (3566,422) 
Bombay  (5046,1854) 
Tokyo  (6881,1366) 
63 Sea Zone  (4928,2596)  (4901,2622)  (4901,2595)  (4954,2623)  (4928,2569)  (4955,2569)  (4955,2596)  (4899,2568)  (4927,2649)  (4900,2649)  (4874,2622)  (4874,2595)  (4981,2623)  (4981,2650)  (4954,2650)  (4873,2650)  (4926,2542)  (4953,2542)  (4980,2542)  (4982,2569)  (4982,2596)  (4872,2568)  (4872,2541)  (4899,2541)  (5007,2517)  (4927,2676)  (4900,2676)  (4847,2623)  (4847,2596)  (5008,2623)  (5008,2650)  (5008,2677)  (4981,2677)  (4954,2677)  (4873,2677)  (4846,2677)  (4846,2650)  (4926,2515)  (4953,2515)  (4980,2515)  (5009,2544)  (5009,2571)  (4845,2569)  (4845,2542)  (4845,2515)  (4872,2514)  (4899,2514)  (5007,2490)  (5034,2490)  (5034,2517)  (4927,2703)  (4900,2703)  (4820,2623)  (4820,2596) 
112 Sea Zone  (6661,2450)  (6634,2476)  (6634,2449)  (6687,2477)  (6661,2423)  (6688,2423)  (6688,2450)  (6632,2422)  (6659,2503)  (6632,2503)  (6607,2476)  (6607,2449)  (6659,2396)  (6686,2396)  (6713,2396)  (6715,2423)  (6715,2450)  (6605,2505)  (6605,2422)  (6740,2386)  (6580,2478)  (6580,2451)  (6742,2413)  (6742,2440)  (6742,2467)  (6616,2532)  (6589,2532)  (6578,2505)  (6562,2548)  (6553,2478)  (6769,2392)  (6769,2419)  (6769,2446)  (6769,2473)  (6537,2575)  (6535,2548)  (6796,2412)  (6796,2439)  (6796,2466) 
Woleai  (7222,2212) 
Khatanga  (5976,214)  (5949,240)  (5949,213)  (6002,241)  (5976,187)  (6003,187)  (6003,214)  (5947,186)  (5975,267)  (5948,267)  (5922,240)  (5922,213)  (6029,241)  (6029,268)  (6002,268)  (5921,268)  (5974,160)  (6001,160)  (6028,160)  (6030,187)  (6030,214)  (5920,186)  (5920,159)  (5947,159)  (6055,135)  (5975,294)  (5948,294)  (6056,241)  (6056,268)  (6056,295)  (6029,295)  (6002,295)  (5921,295)  (5894,295)  (5974,133)  (6001,133)  (6028,133)  (6057,162)  (6057,189)  (5903,132)  (5930,132)  (6055,108)  (5975,321)  (5948,321)  (6083,221)  (6083,248)  (6083,275)  (6083,302)  (6056,322)  (6029,322)  (6002,322)  (5921,322)  (5894,322)  (5867,322) 
Liaoning  (6357,1178)  (6330,1204)  (6330,1177)  (6383,1205)  (6357,1151)  (6384,1151)  (6384,1178)  (6356,1231)  (6303,1228)  (6303,1201)  (6303,1174)  (6410,1205)  (6410,1232)  (6383,1232)  (6338,1124)  (6365,1124)  (6392,1124)  (6411,1151)  (6411,1178)  (6334,1097)  (6361,1097)  (6333,1070)  (6360,1070) 
E.Mexico  (46,1680)  (19,1706)  (19,1679)  (72,1707)  (46,1653)  (73,1653)  (73,1680)  (17,1652)  (45,1733)  (18,1733)  (99,1707)  (99,1734)  (72,1734)  (44,1626)  (71,1626)  (98,1626)  (100,1653)  (100,1680)  (2,1625)  (45,1760)  (18,1760)  (126,1707)  (126,1734)  (126,1761)  (99,1761)  (72,1761)  (29,1599)  (56,1599)  (83,1599)  (110,1599)  (2,1598)  (153,1738)  (153,1765)  (126,1788)  (99,1788)  (72,1788)  (29,1572)  (56,1572)  (83,1572)  (110,1572)  (2,1571)  (157,1792)  (180,1758)  (130,1815)  (103,1815)  (29,1545)  (56,1545)  (83,1545)  (2,1544)  (184,1785)  (162,1819) 
16 Sea Zone  (2077,821)  (2050,847)  (2050,820)  (2103,848)  (2077,794)  (2104,794)  (2104,821)  (2048,793)  (2076,874)  (2049,874)  (2023,847)  (2023,820)  (2130,848)  (2130,875)  (2103,875)  (2022,875)  (2075,767)  (2102,767)  (2129,767)  (2131,794)  (2131,821)  (2021,793)  (2021,766)  (2048,766)  (2156,742)  (2076,901)  (2049,901)  (1996,848)  (1996,821)  (2157,848)  (2157,875)  (2157,902)  (2130,902)  (2103,902)  (2022,902)  (1995,902)  (1995,875)  (2075,740)  (2102,740)  (2129,740)  (2158,769)  (2158,796)  (1994,794)  (1994,767)  (1994,740)  (2021,739)  (2048,739)  (2156,715)  (2183,715)  (2183,742)  (2076,928)  (2049,928)  (1969,848) 
5 Sea Zone  (3194,124)  (3167,150)  (3167,123)  (3220,151)  (3194,97)  (3221,97)  (3221,124)  (3165,96)  (3193,177)  (3166,177)  (3140,150)  (3140,123)  (3247,151)  (3247,178)  (3220,178)  (3139,178)  (3192,70)  (3219,70)  (3246,70)  (3248,97)  (3248,124)  (3138,96)  (3138,69)  (3165,69)  (3273,45)  (3193,204)  (3166,204)  (3113,151)  (3113,124)  (3274,151)  (3274,178)  (3274,205)  (3247,205)  (3220,205)  (3139,205)  (3112,205)  (3112,178)  (3192,43)  (3219,43)  (3246,43)  (3275,72)  (3275,99)  (3111,97)  (3111,70)  (3111,43)  (3138,42)  (3165,42)  (3273,18)  (3300,18)  (3300,45)  (3193,231)  (3166,231)  (3086,151)  (3086,124) 
N.Karelia  (3648,327)  (3675,327) 
Chahar  (6056,1282)  (6029,1303)  (6029,1276)  (6082,1309)  (6056,1255)  (6083,1255)  (6083,1282)  (6002,1294)  (6110,1274) 
Perth  (6304,3195)  (6277,3221)  (6277,3194)  (6330,3222)  (6304,3168)  (6331,3168)  (6331,3195)  (6275,3167)  (6303,3248)  (6276,3248)  (6250,3221)  (6250,3194)  (6357,3222)  (6357,3249)  (6330,3249)  (6249,3249)  (6302,3141)  (6329,3141)  (6356,3141)  (6358,3168)  (6358,3195)  (6258,3140)  (6303,3275)  (6276,3275)  (6384,3222)  (6384,3249)  (6355,3276)  (6249,3276)  (6285,3114)  (6385,3154)  (6385,3181)  (6247,3113)  (6286,3302)  (6411,3208)  (6411,3235)  (6411,3262)  (6412,3162)  (6438,3189)  (6438,3216)  (6438,3243)  (6465,3193)  (6465,3220)  (6465,3247)  (6492,3216) 
126 Sea Zone  (4338,1147)  (4311,1156)  (4311,1129)  (4364,1174)  (4365,1131)  (4337,1183)  (4292,1102)  (4319,1102)  (4391,1158)  (4391,1185)  (4364,1201)  (4402,1212)  (4265,1100)  (4292,1075)  (4319,1075)  (4263,1073)  (4418,1179)  (4375,1228)  (4410,1239)  (4290,1048)  (4317,1048)  (4383,1255)  (4356,1258)  (4435,1266)  (4344,1022)  (4311,1021)  (4371,1021)  (4408,1282)  (4381,1285)  (4354,1291)  (4443,1293)  (4338,995)  (4365,994)  (4416,1309)  (4389,1312)  (4453,1320)  (4417,1336) 
69 Sea Zone  (5256,3397)  (5229,3423)  (5229,3396)  (5282,3424)  (5256,3370)  (5283,3370)  (5283,3397)  (5227,3369)  (5255,3450)  (5228,3450)  (5202,3423)  (5202,3396)  (5309,3424)  (5309,3451)  (5282,3451)  (5201,3451)  (5254,3343)  (5281,3343)  (5308,3343)  (5310,3370)  (5310,3397)  (5200,3369)  (5200,3342)  (5227,3342)  (5335,3318)  (5255,3477)  (5228,3477)  (5175,3424)  (5175,3397)  (5336,3424)  (5336,3451)  (5336,3478)  (5309,3478)  (5282,3478)  (5201,3478)  (5174,3478)  (5174,3451)  (5254,3316)  (5281,3316)  (5308,3316)  (5337,3345)  (5337,3372)  (5173,3370)  (5173,3343)  (5173,3316)  (5200,3315)  (5227,3315)  (5335,3291)  (5362,3291)  (5362,3318)  (5255,3504)  (5228,3504)  (5148,3424)  (5148,3397) 
Hsining  (5669,1326) 
Shansi  (6025,1390)  (5998,1394)  (6029,1417)  (6034,1363)  (6052,1390)  (6061,1362)  (6088,1376) 
Lombardy  (3143,1080)  (3116,1097)  (3116,1070)  (3160,1053)  (3170,1088)  (3089,1082) 
Brest  (3583,777)  (3556,758)  (3609,804)  (3582,804)  (3610,760)  (3536,731)  (3509,754) 
Afghanistan  (4780,1436)  (4753,1462)  (4753,1435)  (4806,1463)  (4780,1409)  (4807,1409)  (4807,1436)  (4751,1408)  (4779,1489)  (4752,1489)  (4726,1462)  (4726,1435)  (4833,1463)  (4833,1490)  (4806,1490)  (4725,1490)  (4778,1382)  (4805,1382)  (4832,1382)  (4834,1409)  (4834,1436)  (4724,1408)  (4739,1381)  (4859,1359)  (4779,1516)  (4752,1516)  (4820,1517)  (4725,1517)  (4698,1517)  (4796,1355)  (4823,1355)  (4861,1386)  (4861,1413)  (4861,1440)  (4775,1543)  (4748,1544)  (4834,1328)  (4888,1360)  (4888,1387)  (4888,1414)  (4915,1353)  (4915,1380)  (4915,1407)  (4942,1347)  (4942,1374)  (4942,1401)  (4969,1391) 
Brandenburg  (3273,808)  (3260,781)  (3252,861)  (3225,871) 
Finnmark  (3482,156)  (3509,149)  (3437,165)  (3536,148) 
Scotland  (2825,465)  (2837,492)  (2810,492)  (2806,438)  (2852,442)  (2834,519)  (2819,411) 
113 Sea Zone  (6702,2610)  (6675,2636)  (6675,2609)  (6728,2637)  (6702,2583)  (6729,2583)  (6729,2610)  (6673,2582)  (6701,2663)  (6674,2663)  (6648,2636)  (6648,2609)  (6755,2637)  (6755,2664)  (6728,2664)  (6647,2664)  (6700,2556)  (6727,2556)  (6754,2556)  (6756,2583)  (6756,2610)  (6781,2549)  (6701,2690)  (6674,2690)  (6621,2637)  (6621,2610)  (6755,2691)  (6728,2691)  (6647,2691)  (6783,2576)  (6808,2536)  (6701,2717)  (6674,2717)  (6752,2718)  (6647,2718)  (6810,2563)  (6725,2744)  (6698,2744)  (6837,2538)  (6837,2565)  (6864,2524)  (6864,2551)  (6864,2578)  (6891,2517)  (6891,2544)  (6891,2571)  (6918,2521)  (6918,2548)  (6918,2575)  (6945,2526)  (6945,2553)  (6945,2580) 
Manila  (6469,1961)  (6479,1988)  (6469,1934)  (6479,2015)  (6469,1907)  (6470,1880) 
88 Sea Zone  (7993,1332)  (7966,1358)  (7966,1331)  (8019,1359)  (7993,1305)  (8020,1305)  (8020,1332)  (7964,1304)  (7992,1385)  (7965,1385)  (7939,1358)  (7939,1331)  (8046,1359)  (8046,1386)  (8019,1386)  (7938,1386)  (7991,1278)  (8018,1278)  (8045,1278)  (8047,1305)  (8047,1332)  (7937,1304)  (7937,1277)  (7964,1277)  (8072,1253)  (7992,1412)  (7965,1412)  (7912,1359)  (7912,1332)  (8073,1359)  (8073,1386)  (8073,1413)  (8046,1413)  (8019,1413)  (7938,1413)  (7911,1413)  (7911,1386)  (7991,1251)  (8018,1251)  (8045,1251)  (8074,1280)  (8074,1307)  (7910,1305)  (7910,1278)  (7910,1251)  (7937,1250)  (7964,1250)  (8072,1226)  (8099,1226)  (8099,1253)  (7992,1439)  (7965,1439)  (7885,1359)  (7885,1332) 
Hainan  (6162,1866)  (6135,1873)  (6189,1852) 
Kursk  (3782,747)  (3755,730)  (3808,774)  (3781,774)  (3782,720)  (3809,719)  (3741,703)  (3833,801)  (3806,801)  (3768,693) 
Korea  (6501,1316)  (6474,1305)  (6527,1343)  (6500,1343)  (6478,1278)  (6554,1357)  (6527,1370) 
Hun  (3290,1658)  (3263,1684)  (3263,1657)  (3316,1685)  (3290,1631)  (3317,1631)  (3317,1658)  (3261,1630)  (3343,1687)  (3344,1629)  (3236,1603)  (3263,1603) 
Baffin  (1129,217)  (1102,243)  (1102,216)  (1155,244)  (1129,190)  (1156,190)  (1156,217)  (1100,189)  (1128,270)  (1101,270)  (1075,239)  (1182,244)  (1182,271)  (1155,271)  (1141,163)  (1168,163)  (1183,190)  (1183,217)  (1073,212)  (1195,151)  (1209,244)  (1209,271)  (1187,298)  (1160,298)  (1210,178)  (1177,124)  (1204,124)  (1222,151)  (1231,115)  (1023,216)  (1236,253)  (1236,280)  (1176,97)  (1203,97)  (1249,142)  (1230,88)  (1257,88)  (1258,115)  (996,222)  (1153,70)  (1180,70)  (1276,142)  (980,69)  (1207,61)  (1234,61)  (1291,169)  (962,115)  (1007,50)  (1261,44)  (1137,43)  (1164,43) 
Hunan  (6110,1657)  (6083,1683)  (6083,1656)  (6123,1684)  (6110,1630)  (6137,1630)  (6137,1657)  (6096,1710)  (6069,1710)  (6056,1683)  (6099,1603)  (6126,1603)  (6153,1603)  (6164,1630)  (6164,1657)  (6042,1715)  (6029,1688)  (6191,1623)  (6015,1715) 
Ningsia  (5792,1335)  (5818,1362)  (5791,1362)  (5772,1308)  (5799,1308)  (5819,1335)  (5826,1301)  (5845,1362)  (5846,1328) 
Hispaniola  (884,1833)  (882,1860)  (911,1817) 
Uzbekistan  (4673,1246)  (4646,1272)  (4646,1245)  (4699,1273)  (4700,1222)  (4644,1218)  (4726,1249)  (4726,1276)  (4699,1300)  (4727,1216)  (4617,1239)  (4617,1212)  (4729,1303)  (4611,1185)  (4746,1188)  (4753,1243)  (4753,1270)  (4754,1215)  (4590,1238)  (4756,1297)  (4756,1324)  (4719,1330)  (4584,1211)  (4584,1184)  (4611,1158)  (4583,1157)  (4773,1183)  (4780,1242)  (4780,1269)  (4781,1210)  (4563,1257)  (4783,1296)  (4707,1357)  (4557,1230)  (4557,1203)  (4556,1176)  (4807,1237)  (4807,1264)  (4808,1199)  (4536,1281)  (4810,1291)  (4530,1254)  (4530,1227)  (4529,1200)  (4529,1173)  (4834,1226)  (4509,1291)  (4503,1264)  (4503,1237)  (4502,1210)  (4502,1183) 
31 Sea Zone  (2511,1417)  (2484,1443)  (2484,1416)  (2537,1444)  (2511,1390)  (2538,1390)  (2538,1417)  (2482,1389)  (2510,1470)  (2483,1470)  (2457,1443)  (2457,1416)  (2564,1444)  (2552,1471)  (2456,1471)  (2509,1363)  (2536,1363)  (2563,1363)  (2565,1390)  (2565,1417)  (2455,1389)  (2455,1362)  (2482,1362)  (2525,1497)  (2498,1497)  (2471,1498)  (2444,1498)  (2509,1336)  (2536,1336)  (2438,1335)  (2465,1335)  (2545,1524)  (2518,1524)  (2491,1525)  (2464,1525)  (2438,1308)  (2465,1308)  (2523,1551)  (2496,1552)  (2469,1552)  (2442,1552)  (2461,1579)  (2447,1606) 
Dover  (2936,685)  (2919,727) 
Hupeh  (5998,1528)  (5971,1554)  (5971,1527)  (6024,1555)  (5998,1501)  (6025,1501)  (6025,1528)  (5970,1500)  (5997,1581)  (5970,1581)  (5944,1554)  (6051,1555)  (6051,1582)  (6024,1582)  (5943,1582)  (5997,1474)  (6024,1474)  (6052,1488)  (6052,1515)  (5916,1582) 
8 Sea Zone  (1808,569)  (1781,595)  (1781,568)  (1834,596)  (1808,542)  (1835,542)  (1835,569)  (1779,541)  (1807,622)  (1780,622)  (1754,595)  (1754,568)  (1861,596)  (1861,623)  (1834,623)  (1753,623)  (1806,515)  (1833,515)  (1860,515)  (1862,542)  (1862,569)  (1752,541)  (1752,514)  (1779,514)  (1887,490)  (1807,649)  (1780,649)  (1727,596)  (1727,569)  (1888,596)  (1888,623)  (1888,650)  (1861,650)  (1834,650)  (1753,650)  (1726,650)  (1726,623)  (1806,488)  (1833,488)  (1860,488)  (1889,517)  (1889,544)  (1725,542)  (1725,515)  (1725,488)  (1752,487)  (1779,487)  (1887,463)  (1914,463)  (1914,490)  (1807,676)  (1780,676)  (1700,596)  (1700,569) 
Paramushir  (7280,847) 
19 Sea Zone  (2702,998)  (2675,1024)  (2675,997)  (2728,1025)  (2702,971)  (2729,971)  (2729,998)  (2673,970)  (2701,1051)  (2648,1041)  (2648,1014)  (2755,1025)  (2755,1052)  (2728,1052)  (2700,944)  (2727,944)  (2754,944)  (2756,971)  (2756,998)  (2646,987)  (2646,960)  (2673,943)  (2636,933)  (2621,1027)  (2782,1025)  (2782,1052)  (2700,917)  (2727,917)  (2783,952)  (2783,979)  (2619,1000)  (2619,973)  (2663,916)  (2609,946)  (2609,919)  (2636,906)  (2604,892)  (2809,1006)  (2690,890)  (2717,890)  (2663,889)  (2631,879)  (2604,865)  (2690,863)  (2717,863)  (2658,862)  (2744,859)  (2631,852) 
San Francisco  (9483,1276) 
Broome  (6461,2887) 
85 Sea Zone  (6993,1387)  (6966,1413)  (6966,1386)  (7019,1414)  (6993,1360)  (7020,1360)  (7020,1387)  (6964,1359)  (6992,1440)  (6965,1440)  (6939,1409)  (7046,1414)  (7046,1441)  (7019,1441)  (6991,1333)  (7018,1333)  (7045,1333)  (7047,1360)  (7047,1387)  (6937,1382)  (6937,1355)  (6964,1332)  (6933,1328)  (7072,1308)  (6992,1467)  (6965,1467)  (7073,1414)  (7073,1441)  (7073,1468)  (7046,1468)  (7019,1468)  (6991,1306)  (7018,1306)  (7045,1306)  (7074,1335)  (7074,1362)  (6960,1305)  (6926,1301)  (6938,1477)  (6902,1479)  (7072,1281)  (7099,1281)  (7099,1308)  (6992,1494)  (6965,1494)  (7100,1389)  (7100,1416)  (7100,1443)  (7100,1470)  (7073,1495)  (7046,1495)  (7019,1495) 
Kordofan  (3837,2045)  (3810,2071)  (3810,2044)  (3863,2072)  (3837,2018)  (3864,2018)  (3864,2045)  (3808,2017)  (3836,2098)  (3809,2098)  (3783,2071)  (3783,2044)  (3890,2072)  (3890,2099)  (3863,2099)  (3782,2099)  (3835,1991)  (3862,1991)  (3889,1991)  (3891,2018)  (3891,2045)  (3781,2017)  (3785,1990)  (3916,1966)  (3836,2125)  (3809,2125)  (3756,2072)  (3756,2045)  (3917,2072)  (3887,2126)  (3782,2126)  (3812,1964)  (3839,1964)  (3866,1964)  (3918,1993)  (3918,2020)  (3860,2152)  (3833,2152)  (3897,2153)  (3806,2153)  (3804,1937)  (3831,1937)  (3858,1937)  (3945,1995)  (3945,2022)  (3972,1992)  (3972,2019)  (3977,2046) 
50 Sea Zone  (3334,1168)  (3307,1148)  (3361,1180)  (3380,1207)  (3279,1115)  (3407,1203)  (3262,1088) 
Cairo  (3727,1529) 
91 Sea Zone  (8516,1744)  (8489,1770)  (8489,1743)  (8542,1771)  (8516,1717)  (8543,1717)  (8543,1744)  (8487,1716)  (8515,1797)  (8488,1797)  (8462,1770)  (8462,1743)  (8569,1771)  (8569,1798)  (8542,1798)  (8461,1798)  (8514,1690)  (8541,1690)  (8568,1690)  (8570,1717)  (8570,1744)  (8460,1716)  (8460,1689)  (8487,1689)  (8595,1665)  (8515,1824)  (8488,1824)  (8435,1771)  (8435,1744)  (8596,1771)  (8596,1798)  (8596,1825)  (8569,1825)  (8542,1825)  (8461,1825)  (8434,1825)  (8434,1798)  (8514,1663)  (8541,1663)  (8568,1663)  (8597,1692)  (8597,1719)  (8433,1717)  (8433,1690)  (8433,1663)  (8460,1662)  (8487,1662)  (8595,1638)  (8622,1638)  (8622,1665)  (8515,1851)  (8488,1851)  (8408,1771)  (8408,1744) 
W.Sikang  (5632,1483)  (5605,1501)  (5605,1474)  (5658,1510)  (5632,1456)  (5659,1456)  (5659,1483)  (5595,1447)  (5631,1528)  (5685,1510)  (5685,1537)  (5622,1429)  (5686,1462)  (5712,1527) 
Crimea  (3805,1030) 
124 Sea Zone  (8534,3526)  (8507,3552)  (8507,3525)  (8560,3553)  (8534,3499)  (8561,3499)  (8561,3526)  (8505,3498)  (8533,3579)  (8506,3579)  (8480,3552)  (8480,3525)  (8587,3553)  (8587,3580)  (8560,3580)  (8479,3580)  (8532,3472)  (8559,3472)  (8586,3472)  (8588,3499)  (8588,3526)  (8478,3498)  (8478,3471)  (8505,3471)  (8613,3447)  (8533,3606)  (8506,3606)  (8453,3553)  (8453,3526)  (8614,3553)  (8614,3580)  (8614,3607)  (8587,3607)  (8560,3607)  (8479,3607)  (8452,3607)  (8452,3580)  (8532,3445)  (8559,3445)  (8586,3445)  (8615,3474)  (8615,3501)  (8451,3499)  (8451,3472)  (8451,3445)  (8478,3444)  (8505,3444)  (8613,3420)  (8640,3420)  (8640,3447)  (8533,3633)  (8506,3633)  (8426,3553)  (8426,3526) 
93 Sea Zone  (6671,1890)  (6644,1916)  (6644,1889)  (6697,1917)  (6671,1863)  (6698,1863)  (6698,1890)  (6642,1862)  (6670,1943)  (6643,1943)  (6617,1916)  (6617,1889)  (6724,1917)  (6724,1944)  (6697,1944)  (6616,1944)  (6669,1836)  (6696,1836)  (6723,1836)  (6725,1863)  (6725,1890)  (6615,1862)  (6615,1835)  (6642,1835)  (6750,1811)  (6670,1970)  (6643,1970)  (6590,1917)  (6590,1890)  (6751,1917)  (6751,1944)  (6751,1971)  (6724,1971)  (6697,1971)  (6616,1971)  (6589,1971)  (6589,1944)  (6669,1809)  (6696,1809)  (6723,1809)  (6752,1838)  (6752,1865)  (6588,1863)  (6588,1836)  (6588,1809)  (6615,1808)  (6642,1808)  (6750,1784)  (6777,1784)  (6777,1811)  (6670,1997)  (6643,1997)  (6563,1917)  (6563,1890) 
Bucharest  (3615,1035) 
Kunashir  (7084,1026) 
Karaganda  (5058,960)  (5031,986)  (5031,959)  (5084,987)  (5058,933)  (5085,933)  (5085,960)  (5029,932)  (5057,1013)  (5030,1013)  (5004,986)  (5004,959)  (5111,987)  (5111,1014)  (5084,1014)  (5003,1014)  (5056,906)  (5083,906)  (5110,906)  (5112,933)  (5112,960)  (5002,932)  (5002,905)  (5029,905)  (5137,881)  (5057,1040)  (5030,1040)  (4977,987)  (4977,960)  (5138,987)  (5138,1014)  (5138,1041)  (5111,1041)  (5084,1041)  (5003,1041)  (4976,1035)  (5056,879)  (5083,879)  (5110,879)  (5139,908)  (5139,935)  (4975,933)  (4975,906)  (4975,879)  (5002,878)  (5029,878)  (5137,854)  (5164,854)  (5164,881)  (5057,1067)  (5030,1067)  (4950,979) 
New Ireland  (7396,2418) 
Aragon  (2793,1156) 
Portugal  (2554,1202)  (2527,1218)  (2571,1229)  (2554,1175)  (2581,1175)  (2544,1245)  (2568,1148)  (2595,1148)  (2549,1272) 
Johnston  (8436,2016) 
47 Sea Zone  (3228,1428)  (3201,1441)  (3201,1414)  (3228,1401)  (3255,1401)  (3255,1428)  (3186,1387)  (3213,1374) 
Bahia  (1600,2494)  (1573,2520)  (1573,2493)  (1626,2521)  (1600,2467)  (1627,2467)  (1627,2494)  (1571,2466)  (1599,2547)  (1572,2547)  (1546,2520)  (1546,2493)  (1653,2521)  (1653,2548)  (1626,2548)  (1545,2548)  (1598,2440)  (1625,2440)  (1652,2440)  (1654,2467)  (1654,2494)  (1544,2466)  (1544,2439)  (1571,2439)  (1679,2415)  (1599,2574)  (1572,2574)  (1519,2521)  (1519,2494)  (1680,2521)  (1680,2548)  (1680,2575)  (1653,2575)  (1626,2575)  (1545,2575)  (1518,2575)  (1518,2548)  (1598,2413)  (1625,2413)  (1652,2413)  (1681,2442)  (1681,2469)  (1517,2467)  (1517,2440)  (1517,2413)  (1544,2412)  (1571,2412)  (1679,2388)  (1706,2388)  (1706,2415)  (1599,2601)  (1572,2601)  (1492,2521)  (1492,2494) 
Latvia  (3562,607)  (3589,599)  (3532,615)  (3616,598)  (3505,616) 
3 Sea Zone  (2206,152)  (2179,178)  (2179,151)  (2232,179)  (2206,125)  (2233,125)  (2233,152)  (2177,124)  (2205,205)  (2178,205)  (2152,178)  (2152,151)  (2259,179)  (2259,206)  (2232,206)  (2151,206)  (2204,98)  (2231,98)  (2258,98)  (2260,125)  (2260,152)  (2150,124)  (2150,97)  (2177,97)  (2285,73)  (2205,232)  (2178,232)  (2125,179)  (2125,152)  (2286,179)  (2286,206)  (2286,233)  (2259,233)  (2232,233)  (2151,233)  (2124,233)  (2124,206)  (2204,71)  (2231,71)  (2258,71)  (2287,100)  (2287,127)  (2123,125)  (2123,98)  (2285,46)  (2312,46)  (2312,73)  (2098,179)  (2098,152)  (2313,154)  (2313,181)  (2313,208)  (2313,235) 
65 Sea Zone  (5636,2318)  (5609,2344)  (5609,2317)  (5662,2345)  (5636,2291)  (5663,2291)  (5663,2318)  (5607,2290)  (5635,2371)  (5608,2371)  (5582,2344)  (5582,2317)  (5689,2345)  (5689,2372)  (5662,2372)  (5581,2372)  (5634,2264)  (5661,2264)  (5688,2264)  (5690,2291)  (5690,2318)  (5580,2290)  (5580,2263)  (5607,2263)  (5555,2345)  (5555,2318)  (5716,2345)  (5716,2372)  (5554,2393)  (5634,2237)  (5661,2237)  (5688,2237)  (5715,2237)  (5717,2300)  (5553,2291)  (5553,2264)  (5553,2237)  (5580,2236)  (5607,2236)  (5742,2212)  (5742,2239)  (5743,2327)  (5743,2354)  (5743,2381)  (5535,2210)  (5634,2210)  (5661,2210)  (5688,2210)  (5715,2210)  (5562,2209)  (5589,2209) 
Canarians  (2390,1581) 
Banjarmasin  (6248,2493) 
60 Sea Zone  (5400,1989)  (5373,2015)  (5373,1988)  (5426,2016)  (5400,1962)  (5427,1962)  (5427,1989)  (5371,1961)  (5399,2042)  (5372,2042)  (5346,2015)  (5346,1988)  (5453,2016)  (5453,2043)  (5426,2043)  (5345,2043)  (5398,1935)  (5425,1935)  (5452,1935)  (5454,1962)  (5454,1989)  (5344,1961)  (5344,1934)  (5371,1934)  (5479,1910)  (5399,2069)  (5372,2069)  (5319,2016)  (5319,1989)  (5465,2070)  (5438,2070)  (5345,2070)  (5318,2070)  (5318,2043)  (5398,1908)  (5425,1908)  (5452,1908)  (5481,1937)  (5481,1964)  (5481,1991)  (5317,1962)  (5357,1907)  (5479,1883)  (5506,1883)  (5506,1910)  (5411,2096)  (5384,2096)  (5465,2097)  (5438,2097)  (5357,2097)  (5330,2097)  (5303,2097)  (5291,2070) 
Northern Territory  (6769,2837)  (6742,2863)  (6742,2836)  (6795,2864)  (6769,2810)  (6796,2810)  (6796,2837)  (6740,2809)  (6768,2890)  (6741,2890)  (6715,2863)  (6715,2836)  (6822,2864)  (6822,2891)  (6795,2891)  (6714,2891)  (6767,2783)  (6794,2783)  (6821,2783)  (6823,2810)  (6823,2837)  (6713,2809)  (6848,2758)  (6748,2917)  (6688,2864)  (6688,2837)  (6849,2864)  (6849,2891)  (6849,2918)  (6822,2918)  (6687,2895)  (6774,2756)  (6801,2756)  (6850,2785)  (6850,2812)  (6686,2810)  (6676,2783)  (6828,2731)  (6855,2731)  (6875,2758)  (6661,2868)  (6661,2841)  (6876,2839)  (6876,2866)  (6876,2893)  (6797,2729)  (6877,2785)  (6877,2812)  (6659,2814)  (6882,2724)  (6649,2787) 
Leon  (2635,1212)  (2647,1239)  (2620,1239)  (2634,1185)  (2655,1266)  (2642,1158)  (2669,1144) 
106 Sea Zone  (6243,2152)  (6216,2178)  (6216,2151)  (6269,2179)  (6243,2125)  (6270,2125)  (6270,2152)  (6214,2124)  (6242,2205)  (6215,2205)  (6189,2178)  (6189,2151)  (6296,2179)  (6296,2206)  (6269,2206)  (6188,2206)  (6241,2098)  (6268,2098)  (6295,2098)  (6297,2125)  (6297,2152)  (6187,2124)  (6187,2097)  (6214,2097)  (6322,2073)  (6242,2232)  (6215,2232)  (6162,2179)  (6162,2152)  (6323,2179)  (6323,2206)  (6301,2233)  (6274,2233)  (6188,2233)  (6161,2233)  (6161,2206)  (6241,2071)  (6268,2071)  (6295,2071)  (6324,2100)  (6324,2127)  (6160,2125)  (6160,2098)  (6160,2071)  (6187,2070)  (6214,2070)  (6322,2046)  (6349,2046)  (6349,2073)  (6247,2259)  (6220,2259)  (6135,2179)  (6135,2152) 
Wellington  (7697,3497) 
83 Sea Zone  (9343,1325)  (9316,1351)  (9316,1324)  (9369,1352)  (9343,1298)  (9370,1298)  (9370,1325)  (9314,1297)  (9342,1378)  (9315,1378)  (9289,1351)  (9289,1324)  (9396,1352)  (9396,1379)  (9369,1379)  (9288,1379)  (9341,1271)  (9368,1271)  (9395,1271)  (9397,1298)  (9397,1325)  (9287,1297)  (9287,1270)  (9314,1270)  (9422,1247)  (9342,1405)  (9315,1405)  (9262,1352)  (9262,1325)  (9423,1352)  (9423,1379)  (9423,1406)  (9396,1406)  (9369,1406)  (9288,1406)  (9261,1406)  (9261,1379)  (9341,1244)  (9368,1244)  (9395,1244)  (9424,1274)  (9424,1301)  (9260,1298)  (9260,1271)  (9260,1244)  (9287,1243)  (9314,1243)  (9342,1432)  (9315,1432)  (9235,1352)  (9235,1325) 
114 Sea Zone  (7434,2787)  (7407,2813)  (7407,2786)  (7460,2814)  (7434,2760)  (7461,2760)  (7461,2787)  (7405,2759)  (7433,2840)  (7406,2840)  (7380,2813)  (7380,2786)  (7487,2814)  (7487,2841)  (7460,2841)  (7379,2841)  (7432,2733)  (7459,2733)  (7486,2733)  (7488,2760)  (7488,2787)  (7378,2759)  (7378,2732)  (7405,2732)  (7513,2708)  (7433,2867)  (7406,2867)  (7353,2814)  (7353,2787)  (7514,2814)  (7514,2841)  (7514,2868)  (7487,2868)  (7460,2868)  (7379,2868)  (7352,2868)  (7352,2841)  (7432,2706)  (7459,2706)  (7486,2706)  (7515,2735)  (7515,2762)  (7351,2760)  (7351,2733)  (7339,2706)  (7513,2681)  (7540,2681)  (7540,2708)  (7433,2894)  (7406,2894)  (7326,2814)  (7326,2787) 
Victoria  (9426,663) 
22 Sea Zone  (3111,627)  (3084,653)  (3084,626)  (3137,654)  (3111,600)  (3138,600)  (3138,627)  (3082,599)  (3110,680)  (3083,680)  (3057,653)  (3057,626)  (3149,681)  (3056,681)  (3109,573)  (3055,599)  (3055,572)  (3082,572) 
Provence  (3027,1098)  (3000,1111)  (3053,1125)  (3026,1071) 
Northern Ireland  (2748,567) 
Tampere  (3510,415)  (3483,405)  (3524,442)  (3521,490) 
132 Sea Zone  (6320,2677)  (6293,2703)  (6293,2676)  (6346,2704)  (6347,2653)  (6266,2708)  (6266,2681)  (6266,2654)  (6373,2680)  (6373,2707)  (6239,2708)  (6239,2681)  (6239,2654)  (6400,2653)  (6400,2680)  (6400,2707)  (6212,2708)  (6212,2681)  (6212,2654)  (6427,2646)  (6427,2673)  (6427,2700)  (6185,2708)  (6185,2681)  (6185,2654)  (6454,2648)  (6454,2675)  (6454,2702)  (6481,2648)  (6481,2675)  (6481,2702)  (6508,2644)  (6508,2671)  (6508,2698)  (6535,2621)  (6535,2648)  (6535,2675)  (6535,2702)  (6562,2621)  (6562,2648)  (6562,2675)  (6562,2702)  (6589,2613)  (6589,2640)  (6589,2667)  (6589,2694) 
Bratsk  (5723,675)  (5696,701)  (5696,674)  (5749,702)  (5723,648)  (5750,648)  (5750,675)  (5694,647)  (5722,728)  (5695,728)  (5669,701)  (5669,674)  (5776,702)  (5776,729)  (5749,729)  (5777,653)  (5667,647)  (5667,620)  (5642,680)  (5803,680)  (5803,707)  (5760,756)  (5804,652)  (5640,653)  (5640,626)  (5640,599)  (5830,685)  (5830,712)  (5613,619) 
Kolyma  (6818,150)  (6791,176)  (6791,149)  (6844,177)  (6818,123)  (6845,123)  (6845,150)  (6789,122)  (6817,203)  (6790,203)  (6764,176)  (6764,149)  (6871,177)  (6871,204)  (6844,204)  (6763,204)  (6816,96)  (6843,96)  (6870,96)  (6872,123)  (6872,150)  (6762,122)  (6762,95)  (6789,95)  (6897,71)  (6817,230)  (6790,230)  (6737,177)  (6737,150)  (6898,177)  (6898,204)  (6898,231)  (6871,231)  (6844,231)  (6763,231)  (6736,231)  (6736,204)  (6816,69)  (6843,69)  (6870,69)  (6899,98)  (6899,125)  (6735,123)  (6735,96)  (6735,69)  (6762,68)  (6789,68)  (6897,44)  (6924,44)  (6924,71)  (6817,257)  (6790,257)  (6710,177)  (6710,150) 
75 Sea Zone  (6476,703)  (6486,662)  (6502,624)  (6503,689)  (6503,716)  (6510,597)  (6513,651)  (6519,563)  (6528,536)  (6529,624)  (6530,678)  (6530,705)  (6537,590)  (6540,651)  (6546,563)  (6555,534)  (6556,617)  (6557,678)  (6557,705)  (6564,590)  (6567,644)  (6573,561)  (6582,523)  (6583,617)  (6584,671)  (6584,698)  (6591,588)  (6594,644)  (6600,550)  (6609,522)  (6610,615)  (6611,671)  (6611,698)  (6618,577)  (6620,725)  (6621,642)  (6627,549)  (6636,516)  (6637,604)  (6638,669)  (6638,696)  (6645,576)  (6647,723)  (6648,631)  (6654,543)  (6658,486)  (6663,513)  (6664,603)  (6664,750)  (6665,658)  (6665,685) 
Bangkok  (5898,2211) 
Soembawa  (6373,2623) 
E.Romania  (3677,1008)  (3650,985)  (3687,1035)  (3625,958)  (3680,1062)  (3653,1082)  (3680,1089) 
Nubia  (3816,1792)  (3789,1818)  (3789,1791)  (3842,1819)  (3816,1765)  (3843,1765)  (3843,1792)  (3787,1764)  (3815,1845)  (3788,1845)  (3762,1818)  (3762,1791)  (3869,1819)  (3869,1846)  (3842,1846)  (3761,1846)  (3814,1738)  (3841,1738)  (3868,1738)  (3870,1765)  (3870,1792)  (3760,1764)  (3774,1737)  (3815,1872)  (3788,1872)  (3896,1819)  (3896,1846)  (3896,1873)  (3869,1873)  (3842,1873)  (3801,1711)  (3828,1711)  (3897,1785)  (3923,1815)  (3923,1842)  (3923,1869)  (3923,1896)  (3781,1684)  (3808,1684)  (3835,1684) 
Santiago  (795,3170) 
S.Karelia  (3723,425)  (3696,451)  (3696,424)  (3749,452)  (3723,398)  (3750,405)  (3694,397)  (3722,478)  (3695,478)  (3776,372)  (3776,432)  (3776,459)  (3749,479)  (3777,399)  (3695,370)  (3709,505)  (3803,426)  (3803,453)  (3804,373) 
Madrid  (2695,1199) 
Canberra  (7169,3406) 
Vyborg  (3619,446)  (3645,410) 
Saxony  (3161,778)  (3155,805)  (3188,756)  (3155,832) 
S.Sakhalin  (6833,897) 
Crete  (3731,1436) 
101 Sea Zone  (7018,2066)  (6991,2092)  (6991,2065)  (7044,2093)  (7018,2039)  (7045,2039)  (7045,2066)  (6989,2038)  (7017,2119)  (6990,2119)  (6964,2092)  (6964,2065)  (7071,2093)  (7071,2120)  (7044,2120)  (6963,2120)  (7016,2012)  (7043,2012)  (7070,2012)  (7072,2039)  (7072,2066)  (6962,2038)  (6962,2011)  (6989,2011)  (7097,2004)  (7017,2146)  (6990,2146)  (6937,2093)  (6937,2066)  (7098,2093)  (7098,2120)  (7057,2147)  (6963,2147)  (6936,2147)  (6936,2120)  (7099,2031)  (7099,2058)  (6935,2039)  (6935,2012)  (7120,1964)  (7124,1991)  (6910,2093)  (6910,2066)  (7125,2085)  (7125,2112)  (7125,2139)  (6909,2165)  (6909,2138)  (7126,2018)  (7126,2045)  (6908,2039)  (6908,2012) 
Rhodes  (3720,1356) 
Fiji  (8181,2973) 
70 Sea Zone  (6050,3427)  (6023,3453)  (6023,3426)  (6076,3454)  (6050,3400)  (6077,3400)  (6077,3427)  (6021,3399)  (6049,3480)  (6022,3480)  (5996,3453)  (5996,3426)  (6103,3454)  (6103,3481)  (6076,3481)  (5995,3481)  (6048,3373)  (6075,3373)  (6102,3373)  (6104,3400)  (6104,3427)  (5994,3399)  (5994,3372)  (6021,3372)  (6129,3348)  (6049,3507)  (6022,3507)  (5969,3454)  (5969,3427)  (6130,3454)  (6130,3481)  (6130,3508)  (6103,3508)  (6076,3508)  (5995,3508)  (5968,3508)  (5968,3481)  (6048,3346)  (6075,3346)  (6102,3346)  (6131,3375)  (6131,3402)  (5967,3400)  (5967,3373)  (5967,3346)  (5994,3345)  (6021,3345)  (6129,3321)  (6156,3321)  (6156,3348)  (6049,3534)  (6022,3534)  (5942,3454)  (5942,3427) 
Merauke  (7003,2518)  (6976,2495)  (7029,2545)  (7035,2572)  (6943,2484)  (7008,2591) 
E.Chinghai  (5759,1441)  (5732,1467)  (5763,1468)  (5745,1414)  (5772,1414)  (5786,1441)  (5799,1401)  (5813,1428)  (5840,1423) 
Brittany  (2823,927)  (2796,908)  (2834,954) 
Moscow  (3915,617) 
104 Sea Zone  (7995,2379)  (7968,2405)  (7968,2378)  (8021,2406)  (7995,2352)  (8022,2352)  (8022,2379)  (7966,2351)  (7994,2432)  (7967,2432)  (7941,2405)  (7941,2378)  (8048,2406)  (8048,2433)  (8021,2433)  (7940,2433)  (7993,2325)  (8020,2325)  (8047,2325)  (8049,2352)  (8049,2379)  (7939,2351)  (7939,2324)  (7966,2324)  (8074,2300)  (7994,2459)  (7967,2459)  (7914,2406)  (7914,2379)  (8075,2406)  (8075,2433)  (8075,2460)  (8048,2460)  (8021,2460)  (7993,2298)  (8020,2298)  (8047,2298)  (8076,2327)  (8076,2354)  (7912,2352)  (7912,2325)  (7912,2298)  (7939,2297)  (7966,2297)  (8101,2282)  (7994,2486)  (7887,2396)  (8102,2381)  (8102,2408)  (8102,2435)  (8102,2462) 
W.Iran  (4325,1440)  (4298,1466)  (4298,1439)  (4351,1467)  (4325,1413)  (4352,1413)  (4352,1440)  (4296,1412)  (4324,1493)  (4297,1493)  (4271,1466)  (4271,1439)  (4378,1467)  (4378,1494)  (4351,1494)  (4323,1386)  (4350,1386)  (4377,1386)  (4379,1413)  (4379,1440)  (4269,1412)  (4269,1385)  (4296,1385)  (4404,1372)  (4324,1520)  (4297,1520)  (4244,1454)  (4405,1467)  (4405,1494)  (4391,1521)  (4364,1521)  (4323,1359)  (4350,1359)  (4406,1399)  (4406,1426)  (4242,1427)  (4242,1400)  (4242,1373)  (4269,1358)  (4296,1358)  (4230,1346)  (4432,1453)  (4432,1480)  (4359,1548)  (4433,1376)  (4215,1391)  (4257,1331)  (4284,1331)  (4311,1331)  (4203,1337)  (4230,1319) 
N.Tunisia  (3062,1377)  (3067,1404) 
Formosa  (6518,1671)  (6525,1698)  (6524,1644)  (6545,1671)  (6551,1620) 
Kermandec  (8070,3228) 
24 Sea Zone  (3435,583)  (3408,609)  (3408,582)  (3454,610)  (3435,556)  (3462,556)  (3427,636)  (3400,636)  (3438,529)  (3465,529)  (3489,556)  (3436,663)  (3409,663)  (3413,472)  (3404,445)  (3421,418)  (3494,302) 
New Britain  (7365,2532) 
East Prussia  (3463,715) 
Alma Ata  (4978,1225)  (4951,1251)  (4951,1224)  (5004,1252)  (4978,1198)  (5005,1198)  (5005,1225)  (4949,1197)  (4977,1278)  (4950,1278)  (4924,1251)  (4924,1224)  (5031,1252)  (5025,1279)  (4923,1279)  (4976,1171)  (5003,1171)  (5030,1171)  (5032,1198)  (5032,1225)  (4922,1197)  (4922,1170)  (4949,1170)  (5057,1146)  (4998,1305)  (4971,1305)  (4897,1252)  (4897,1225)  (5058,1252)  (4900,1306)  (4896,1279)  (4976,1144)  (5003,1144)  (5030,1144)  (5059,1173)  (5059,1200)  (4934,1143)  (5014,1332)  (4987,1332)  (5085,1227)  (5085,1254)  (4869,1291)  (4869,1264)  (5086,1161)  (5086,1188)  (5112,1215)  (5113,1182)  (5139,1209)  (5140,1168)  (5150,1139)  (5166,1195) 
Nigeria  (3071,2114)  (3044,2140)  (3044,2113)  (3097,2141)  (3071,2087)  (3098,2087)  (3098,2114)  (3042,2086)  (3070,2167)  (3043,2167)  (3017,2140)  (3017,2113)  (3124,2141)  (3124,2168)  (3097,2168)  (3016,2168)  (3069,2060)  (3096,2060)  (3123,2060)  (3125,2087)  (3125,2114)  (3015,2086)  (3015,2059)  (3042,2059)  (3150,2035)  (3070,2194)  (3043,2194)  (2990,2141)  (2990,2114)  (3151,2141)  (3151,2168)  (3151,2195)  (3124,2195)  (3097,2195)  (3016,2195)  (2989,2195)  (2989,2168)  (3069,2033)  (3096,2033)  (3123,2033)  (3152,2062)  (3152,2089)  (2988,2087)  (2988,2060)  (2988,2033)  (3015,2032)  (3042,2032)  (3150,2008)  (3177,2008)  (3177,2035)  (3070,2221)  (3043,2221)  (2963,2141)  (2963,2114) 
45 Sea Zone  (3073,1297)  (3046,1323)  (3046,1296)  (3073,1270)  (3100,1282)  (3100,1309)  (3044,1269)  (3127,1305) 
Surgut  (5075,410)  (5048,436)  (5048,409)  (5101,437)  (5075,383)  (5102,383)  (5102,410)  (5046,382)  (5074,463)  (5047,463)  (5021,436)  (5021,409)  (5128,437)  (5128,464)  (5101,464)  (5020,464)  (5073,356)  (5100,356)  (5127,356)  (5129,383)  (5129,410)  (5019,382)  (5019,355)  (5046,355)  (5154,331)  (5074,490)  (5047,490)  (4994,437)  (4994,410)  (5155,437)  (5155,464)  (5155,491)  (5128,491)  (5101,491)  (5020,491)  (4993,491)  (4993,464)  (5073,329)  (5100,329)  (5127,329)  (5156,358)  (5156,385)  (4992,383)  (4992,356)  (4992,329)  (5019,328)  (5046,328)  (5154,304)  (5181,306)  (5074,517)  (5047,517)  (4967,437)  (4967,410) 
Changan  (6025,1390)  (5998,1394)  (6029,1417)  (6034,1363)  (6052,1390)  (6061,1362)  (6088,1376) 
Urumqi  (5369,1247) 
Szechuan  (5998,1528)  (5971,1554)  (5971,1527)  (6024,1555)  (5998,1501)  (6025,1501)  (6025,1528)  (5970,1500)  (5997,1581)  (5970,1581)  (5944,1554)  (6051,1555)  (6051,1582)  (6024,1582)  (5943,1582)  (5997,1474)  (6024,1474)  (6052,1488)  (6052,1515)  (5916,1582) 
Peking  (6187,1242)  (6160,1268)  (6160,1241)  (6213,1269)  (6187,1215)  (6214,1215)  (6214,1242)  (6158,1214)  (6186,1295)  (6159,1295)  (6240,1269)  (6213,1296)  (6185,1188)  (6212,1188)  (6241,1201)  (6241,1228)  (6131,1223)  (6131,1196)  (6158,1187)  (6186,1322)  (6267,1255)  (6187,1161)  (6214,1161) 
Bulun  (6265,96)  (6238,122)  (6238,95)  (6291,123)  (6265,69)  (6292,69)  (6292,96)  (6236,68)  (6264,149)  (6237,149)  (6211,122)  (6211,95)  (6318,123)  (6318,150)  (6291,150)  (6210,150)  (6263,42)  (6290,42)  (6317,42)  (6319,69)  (6319,96)  (6209,68)  (6209,41)  (6236,41)  (6344,17)  (6184,123)  (6184,96)  (6345,123)  (6345,150)  (6183,157)  (6263,15)  (6290,15)  (6317,15)  (6346,44)  (6346,71)  (6182,69)  (6182,42)  (6182,15)  (6209,14)  (6236,14)  (6371,3)  (6157,130)  (6157,103)  (6372,98)  (6372,125)  (6373,30)  (6373,57)  (6155,76)  (6155,49)  (6155,22)  (6398,3) 
Switzerland  (3113,1012)  (3086,1029)  (3140,1001) 
Palestine  (3906,1519)  (3879,1545)  (3917,1492)  (3933,1519)  (3944,1481)  (3855,1572)  (3852,1545)  (3960,1508)  (3933,1454)  (3960,1454)  (3971,1481)  (3828,1580)  (3825,1553)  (3998,1466)  (3998,1493) 
62 Sea Zone  (4366,2553)  (4339,2579)  (4339,2552)  (4392,2580)  (4366,2526)  (4393,2526)  (4393,2553)  (4337,2525)  (4365,2606)  (4338,2606)  (4312,2579)  (4312,2552)  (4419,2580)  (4419,2607)  (4392,2607)  (4311,2607)  (4364,2499)  (4391,2499)  (4418,2499)  (4420,2526)  (4420,2553)  (4310,2525)  (4310,2498)  (4337,2498)  (4445,2474)  (4365,2633)  (4338,2633)  (4285,2580)  (4285,2553)  (4446,2580)  (4446,2607)  (4446,2634)  (4419,2634)  (4392,2634)  (4311,2634)  (4284,2634)  (4284,2607)  (4364,2472)  (4391,2472)  (4418,2472)  (4447,2501)  (4447,2528)  (4283,2526)  (4283,2499)  (4283,2472)  (4310,2471)  (4337,2471)  (4445,2447)  (4472,2447)  (4472,2474)  (4365,2660)  (4338,2660)  (4258,2580)  (4258,2553) 
Khobdo  (5562,1080)  (5535,1106)  (5535,1079)  (5588,1107)  (5562,1053)  (5589,1053)  (5589,1080)  (5533,1052)  (5561,1133)  (5534,1133)  (5508,1089)  (5615,1107)  (5560,1026)  (5587,1026)  (5614,1026)  (5616,1053)  (5616,1080)  (5506,1062)  (5506,1035)  (5533,1025)  (5503,1008)  (5641,1022)  (5558,1160)  (5642,1107)  (5643,1049)  (5643,1076)  (5479,1076)  (5670,1032)  (5670,1059) 
Adana  (3957,1254)  (3930,1269)  (3930,1242)  (3983,1281)  (3957,1227)  (3984,1231)  (3903,1270)  (4010,1258)  (4037,1241)  (4037,1268)  (4064,1251)  (4075,1278)  (4102,1258) 
Bohemia  (3320,892)  (3293,903)  (3293,876)  (3346,919)  (3320,865)  (3347,885)  (3373,912) 
37 Sea Zone  (2469,2735)  (2442,2761)  (2442,2734)  (2495,2762)  (2469,2708)  (2496,2708)  (2496,2735)  (2440,2707)  (2468,2788)  (2441,2788)  (2415,2761)  (2415,2734)  (2522,2762)  (2522,2789)  (2495,2789)  (2414,2789)  (2467,2681)  (2494,2681)  (2521,2681)  (2523,2708)  (2523,2735)  (2413,2707)  (2413,2680)  (2440,2680)  (2548,2656)  (2468,2815)  (2441,2815)  (2388,2762)  (2388,2735)  (2549,2762)  (2549,2789)  (2549,2816)  (2522,2816)  (2495,2816)  (2414,2816)  (2387,2816)  (2387,2789)  (2467,2654)  (2494,2654)  (2521,2654)  (2550,2683)  (2550,2710)  (2386,2708)  (2386,2681)  (2386,2654)  (2413,2653)  (2440,2653)  (2548,2629)  (2575,2629)  (2575,2656)  (2468,2842)  (2441,2842)  (2361,2762)  (2361,2735) 
Penza  (4052,699)  (4025,725)  (4025,698)  (4078,726)  (4052,672)  (4079,672)  (4079,699)  (4023,671)  (3998,739)  (3998,712)  (4105,726)  (4105,753)  (4078,753)  (4050,645)  (4077,645)  (4104,645)  (4106,672)  (4106,699)  (3996,685)  (3996,658)  (4023,644)  (4131,644)  (4132,726)  (4132,753)  (4133,671)  (4133,698)  (3969,672)  (3969,645)  (4158,621)  (4159,725)  (4160,648)  (4160,675) 
78 Sea Zone  (8174,785)  (8147,811)  (8147,784)  (8200,812)  (8174,758)  (8201,758)  (8201,785)  (8145,757)  (8173,838)  (8146,838)  (8120,811)  (8120,784)  (8227,812)  (8227,839)  (8200,839)  (8119,839)  (8172,731)  (8199,731)  (8226,731)  (8228,758)  (8228,785)  (8118,757)  (8118,730)  (8145,730)  (8253,706)  (8173,865)  (8146,865)  (8093,812)  (8093,785)  (8254,812)  (8254,839)  (8254,866)  (8227,866)  (8200,866)  (8119,866)  (8092,866)  (8092,839)  (8172,704)  (8199,704)  (8226,704)  (8255,733)  (8255,760)  (8091,758)  (8091,731)  (8091,704)  (8118,703)  (8145,703)  (8253,679)  (8280,679)  (8280,706)  (8173,892)  (8146,892)  (8066,812)  (8066,785) 
Volgograd  (4194,824)  (4167,850)  (4167,823)  (4220,851)  (4194,797)  (4221,797)  (4221,824)  (4193,877)  (4166,877)  (4247,851)  (4247,878)  (4220,878)  (4194,770)  (4221,770)  (4248,770)  (4248,797)  (4248,824)  (4193,904)  (4274,851)  (4274,878)  (4274,905)  (4247,905)  (4220,905)  (4203,743)  (4230,743)  (4257,743)  (4275,770)  (4275,797)  (4275,824)  (4295,932)  (4268,932)  (4241,932)  (4312,959)  (4285,959) 
Okhotsk  (6557,394)  (6530,420)  (6530,393)  (6583,421)  (6557,367)  (6584,367)  (6584,394)  (6528,366)  (6556,447)  (6529,447)  (6503,420)  (6503,393)  (6610,421)  (6610,448)  (6583,448)  (6502,448)  (6555,340)  (6582,340)  (6609,340)  (6611,367)  (6611,394)  (6501,366)  (6501,339)  (6528,339)  (6636,315)  (6556,474)  (6529,474)  (6476,421)  (6476,394)  (6637,421)  (6637,448)  (6621,475)  (6594,475)  (6502,475)  (6475,475)  (6475,448)  (6555,313)  (6582,313)  (6609,313)  (6638,342)  (6638,369)  (6474,367)  (6501,312)  (6528,312)  (6530,501)  (6449,421)  (6449,394)  (6664,396)  (6664,423)  (6448,466)  (6561,286)  (6588,286)  (6615,286)  (6665,319)  (6665,346) 
E.Qinghai  (5683,1391)  (5656,1386)  (5703,1418)  (5710,1370)  (5723,1343)  (5723,1316)  (5716,1289) 
Equatoria  (3727,2224)  (3700,2250)  (3700,2223)  (3753,2251)  (3727,2197)  (3754,2197)  (3754,2224)  (3698,2196)  (3726,2277)  (3699,2277)  (3673,2250)  (3673,2223)  (3780,2251)  (3780,2278)  (3753,2278)  (3672,2278)  (3725,2170)  (3752,2170)  (3781,2185)  (3781,2212)  (3671,2196)  (3671,2169)  (3698,2169)  (3726,2304)  (3807,2239)  (3807,2266)  (3807,2293)  (3780,2305)  (3753,2305)  (3725,2143)  (3808,2185)  (3808,2212)  (3644,2178)  (3644,2151)  (3671,2142)  (3698,2142)  (3626,2124)  (3834,2239)  (3834,2266)  (3834,2293)  (3835,2188)  (3653,2115)  (3680,2115)  (3707,2115)  (3599,2117)  (3626,2097)  (3592,2090)  (3861,2215)  (3861,2242)  (3861,2269)  (3861,2296) 
British Guiana  (1136,2153)  (1162,2180)  (1135,2180)  (1117,2126)  (1144,2126)  (1108,2202)  (1170,2207)  (1143,2207)  (1127,2099)  (1148,2234) 
73 Sea Zone  (8363,427)  (8336,453)  (8336,426)  (8389,454)  (8363,400)  (8390,400)  (8390,427)  (8334,399)  (8362,480)  (8335,480)  (8309,453)  (8309,426)  (8416,454)  (8416,481)  (8389,481)  (8308,481)  (8361,373)  (8388,373)  (8415,373)  (8417,400)  (8417,427)  (8307,399)  (8307,372)  (8334,372)  (8442,348)  (8362,507)  (8335,507)  (8282,454)  (8282,427)  (8443,454)  (8443,481)  (8443,508)  (8416,508)  (8389,508)  (8308,508)  (8281,508)  (8281,481)  (8361,346)  (8388,346)  (8415,346)  (8444,375)  (8444,402)  (8280,400)  (8280,373)  (8305,345)  (8332,345)  (8268,346)  (8442,321)  (8469,321)  (8469,348)  (8362,534)  (8335,534)  (8255,454)  (8255,427) 
Rhine  (3099,835)  (3110,862)  (3093,808) 
32 Sea Zone  (1563,2104)  (1536,2130)  (1536,2103)  (1589,2131)  (1563,2077)  (1590,2077)  (1590,2104)  (1534,2076)  (1562,2157)  (1535,2157)  (1509,2130)  (1509,2103)  (1616,2131)  (1616,2158)  (1589,2158)  (1508,2158)  (1561,2050)  (1588,2050)  (1615,2050)  (1617,2077)  (1617,2104)  (1507,2076)  (1507,2049)  (1534,2049)  (1642,2025)  (1562,2184)  (1535,2184)  (1482,2131)  (1482,2104)  (1643,2131)  (1643,2158)  (1643,2185)  (1616,2185)  (1589,2185)  (1508,2185)  (1481,2185)  (1481,2158)  (1561,2023)  (1588,2023)  (1615,2023)  (1644,2052)  (1644,2079)  (1480,2077)  (1480,2050)  (1480,2023)  (1507,2022)  (1534,2022)  (1642,1998)  (1669,1998)  (1669,2025)  (1562,2211)  (1535,2211)  (1455,2131)  (1455,2104) 
Estonia  (3560,547)  (3587,556) 
Saratov  (4061,915)  (4034,941)  (4034,914)  (4087,942)  (4061,888)  (4088,888)  (4088,915)  (4032,887)  (4060,968)  (4033,968)  (4114,942)  (4114,969)  (4087,969)  (4059,861)  (4086,861)  (4113,861)  (4115,888)  (4115,915)  (4007,860)  (4062,996)  (4034,834)  (4061,834)  (4088,834)  (4115,834)  (4006,833)  (4033,807)  (4060,807)  (4087,807)  (4114,807)  (4001,806)  (3990,779)  (4017,779) 
96 Sea Zone  (7933,1809)  (7906,1835)  (7906,1808)  (7959,1836)  (7933,1782)  (7960,1782)  (7960,1809)  (7904,1781)  (7932,1862)  (7905,1862)  (7879,1835)  (7879,1808)  (7986,1836)  (7986,1863)  (7959,1863)  (7878,1863)  (7931,1755)  (7958,1755)  (7985,1755)  (7987,1782)  (7987,1809)  (7877,1781)  (7877,1754)  (7904,1754)  (8012,1730)  (7932,1889)  (7905,1889)  (7852,1836)  (7852,1809)  (8013,1836)  (8013,1863)  (8013,1890)  (7986,1890)  (7959,1890)  (7878,1890)  (7851,1890)  (7851,1863)  (7931,1728)  (7958,1728)  (7985,1728)  (8014,1757)  (8014,1784)  (7850,1782)  (7850,1755)  (7850,1728)  (7877,1727)  (7904,1727)  (8012,1703)  (7932,1916)  (7905,1916)  (7825,1836)  (7825,1809) 
Assam  (5546,1657)  (5519,1670)  (5519,1643)  (5572,1684)  (5546,1630)  (5573,1630)  (5573,1657)  (5504,1616)  (5492,1666)  (5599,1684)  (5599,1711)  (5572,1711)  (5531,1603)  (5558,1603)  (5585,1603)  (5600,1630)  (5600,1657)  (5612,1591)  (5477,1639)  (5477,1612)  (5626,1684)  (5626,1711)  (5626,1738)  (5599,1738)  (5572,1738)  (5535,1576)  (5562,1576)  (5627,1618)  (5627,1645)  (5639,1573)  (5653,1700)  (5653,1727)  (5653,1754)  (5626,1765)  (5599,1765)  (5654,1600)  (5654,1627)  (5654,1654)  (5653,1781)  (5680,1722)  (5626,1792) 
Zhigansk  (6273,279)  (6246,305)  (6246,278)  (6299,306)  (6273,252)  (6300,252)  (6300,279)  (6244,251)  (6272,332)  (6245,332)  (6219,305)  (6219,278)  (6326,306)  (6326,333)  (6299,333)  (6218,333)  (6271,225)  (6298,225)  (6325,225)  (6327,252)  (6327,279)  (6217,251)  (6217,224)  (6244,224)  (6352,200)  (6272,359)  (6245,359)  (6192,306)  (6192,279)  (6353,306)  (6353,333)  (6218,360)  (6191,360)  (6191,333)  (6354,227)  (6354,254)  (6190,252)  (6190,225)  (6190,198)  (6379,184)  (6165,306)  (6165,279)  (6380,281)  (6380,308)  (6380,335)  (6232,387)  (6205,387)  (6178,387)  (6164,360)  (6164,333)  (6381,211)  (6381,238) 
Dublin  (2707,603)  (2734,608) 
E.Morocco  (2738,1459)  (2711,1485)  (2711,1458)  (2764,1486)  (2738,1432)  (2765,1432)  (2765,1459)  (2709,1431)  (2684,1488)  (2684,1461)  (2792,1449)  (2682,1434) 
Salvador  (1741,2575) 
Ulithi  (7158,2183) 
French Somaliland  (4105,2085) 
90 Sea Zone  (8904,1517)  (8877,1543)  (8877,1516)  (8930,1544)  (8904,1490)  (8931,1490)  (8931,1517)  (8875,1489)  (8903,1570)  (8876,1570)  (8850,1543)  (8850,1516)  (8957,1544)  (8957,1571)  (8930,1571)  (8849,1571)  (8902,1463)  (8929,1463)  (8956,1463)  (8958,1490)  (8958,1517)  (8848,1489)  (8848,1462)  (8875,1462)  (8983,1438)  (8903,1597)  (8876,1597)  (8823,1544)  (8823,1517)  (8984,1544)  (8984,1571)  (8984,1598)  (8957,1598)  (8930,1598)  (8849,1598)  (8822,1598)  (8822,1571)  (8902,1436)  (8929,1436)  (8956,1436)  (8985,1465)  (8985,1492)  (8821,1490)  (8821,1463)  (8821,1436)  (8848,1435)  (8875,1435)  (8983,1411)  (9010,1411)  (9010,1438)  (8903,1624)  (8876,1624)  (8796,1544)  (8796,1517) 
Rio de Oro  (2456,1662)  (2444,1689)  (2483,1643) 
6 Sea Zone  (3729,85)  (3702,111)  (3702,84)  (3755,112)  (3729,58)  (3756,58)  (3756,85)  (3700,57)  (3728,138)  (3701,138)  (3675,111)  (3675,84)  (3782,112)  (3782,139)  (3755,139)  (3674,139)  (3727,31)  (3754,31)  (3781,31)  (3783,58)  (3783,85)  (3673,57)  (3673,30)  (3700,30)  (3808,6)  (3728,165)  (3648,112)  (3648,85)  (3809,126)  (3809,153)  (3782,166)  (3755,166)  (3647,140)  (3727,4)  (3754,4)  (3781,4)  (3810,33)  (3810,60)  (3646,58)  (3646,31)  (3646,4)  (3673,3)  (3700,3)  (3823,180)  (3835,3)  (3621,113)  (3621,86)  (3836,150)  (3837,30)  (3837,57)  (3619,59)  (3619,32)  (3619,5) 
Truk  (7280,2200) 
Mozambique  (3860,2890)  (3833,2916)  (3833,2889)  (3886,2917)  (3860,2863)  (3887,2863)  (3887,2890)  (3831,2862)  (3859,2943)  (3832,2943)  (3913,2917)  (3894,2836)  (3914,2863)  (3914,2890)  (3804,2884)  (3804,2857)  (3921,2829)  (3860,2970)  (3833,2970)  (3941,2856)  (3941,2883)  (3777,2866)  (3918,2802)  (3945,2802)  (3948,2829)  (3806,2992)  (3859,2997)  (3779,2997)  (3968,2856)  (3972,2778)  (3916,2775)  (3943,2775)  (3975,2805)  (3752,3011)  (3832,3019)  (3870,3024)  (3805,3024)  (3995,2832)  (3995,2859)  (3970,2751)  (3997,2751)  (3999,2778)  (3908,2748)  (3935,2748)  (4002,2805)  (3778,3038)  (3843,3046)  (3880,3051)  (3816,3051)  (4022,2832)  (4024,2750) 
Novosibirsk  (5114,683)  (5087,709)  (5087,682)  (5140,710)  (5114,656)  (5141,656)  (5141,683)  (5085,655)  (5113,736)  (5086,736)  (5060,709)  (5060,682)  (5167,710)  (5167,737)  (5140,737)  (5059,737)  (5112,629)  (5139,629)  (5166,629)  (5168,656)  (5168,683)  (5058,655)  (5058,628)  (5085,628)  (5193,604)  (5113,763)  (5086,763)  (5033,710)  (5033,683)  (5194,710)  (5194,737)  (5194,764)  (5167,764)  (5140,764)  (5059,764)  (5032,764)  (5032,737)  (5112,602)  (5139,602)  (5166,602)  (5195,631)  (5195,658)  (5031,656)  (5031,629)  (5031,602)  (5058,601)  (5085,601)  (5193,577)  (5220,582)  (5113,790)  (5086,790)  (5006,710)  (5006,683) 
109 Sea Zone  (7571,2394)  (7544,2420)  (7544,2393)  (7597,2421)  (7571,2367)  (7598,2367)  (7598,2394)  (7542,2366)  (7570,2447)  (7543,2447)  (7517,2420)  (7517,2393)  (7624,2421)  (7624,2448)  (7597,2448)  (7516,2448)  (7569,2340)  (7596,2340)  (7623,2340)  (7625,2367)  (7625,2394)  (7515,2366)  (7515,2339)  (7542,2339)  (7650,2315)  (7570,2474)  (7543,2474)  (7490,2421)  (7490,2394)  (7651,2421)  (7651,2448)  (7651,2475)  (7624,2475)  (7597,2475)  (7516,2475)  (7489,2457)  (7569,2313)  (7596,2313)  (7623,2313)  (7652,2342)  (7652,2369)  (7488,2367)  (7488,2340)  (7488,2313)  (7515,2312)  (7542,2312)  (7677,2301)  (7570,2501)  (7463,2425)  (7463,2398)  (7678,2396)  (7678,2423)  (7678,2450)  (7678,2477) 
Guam  (7082,1962) 
Jaluit  (7847,2087) 
68 Sea Zone  (4207,3447)  (4180,3473)  (4180,3446)  (4233,3474)  (4207,3420)  (4234,3420)  (4234,3447)  (4178,3419)  (4206,3500)  (4179,3500)  (4153,3473)  (4153,3446)  (4260,3474)  (4260,3501)  (4233,3501)  (4152,3501)  (4205,3393)  (4232,3393)  (4259,3393)  (4261,3420)  (4261,3447)  (4151,3419)  (4151,3392)  (4178,3392)  (4286,3368)  (4206,3527)  (4179,3527)  (4126,3474)  (4126,3447)  (4287,3474)  (4287,3501)  (4287,3528)  (4260,3528)  (4233,3528)  (4152,3528)  (4125,3528)  (4125,3501)  (4205,3366)  (4232,3366)  (4259,3366)  (4288,3395)  (4288,3422)  (4124,3420)  (4124,3393)  (4124,3366)  (4151,3365)  (4178,3365)  (4286,3341)  (4313,3341)  (4313,3368)  (4206,3554)  (4179,3554)  (4099,3474)  (4099,3447) 
Tonga  (8352,3108) 
121 Sea Zone  (7966,3117)  (7939,3143)  (7939,3116)  (7992,3144)  (7966,3090)  (7993,3090)  (7993,3117)  (7937,3089)  (7965,3170)  (7938,3170)  (7912,3143)  (7912,3116)  (8019,3144)  (8019,3171)  (7992,3171)  (7911,3171)  (7964,3063)  (7991,3063)  (8018,3063)  (8020,3090)  (8020,3117)  (7910,3089)  (7910,3062)  (7937,3062)  (8045,3038)  (7965,3197)  (7938,3197)  (7885,3144)  (7885,3117)  (8046,3144)  (8046,3171)  (8029,3198)  (8002,3198)  (7911,3198)  (7884,3198)  (7884,3171)  (7964,3036)  (7991,3036)  (8018,3036)  (8047,3065)  (8047,3092)  (7883,3090)  (7883,3063)  (7883,3036)  (7910,3035)  (7937,3035)  (8072,3017)  (7975,3224)  (7948,3224)  (7858,3144)  (7858,3117) 
Tobruk  (3492,1535)  (3465,1548)  (3465,1521)  (3518,1562)  (3492,1508)  (3519,1508)  (3519,1535)  (3491,1575)  (3450,1494)  (3536,1589)  (3546,1513)  (3546,1540) 
86 Sea Zone  (7238,1637)  (7211,1663)  (7211,1636)  (7264,1664)  (7238,1610)  (7265,1610)  (7265,1637)  (7209,1609)  (7237,1690)  (7210,1690)  (7184,1663)  (7184,1636)  (7291,1664)  (7291,1691)  (7264,1691)  (7183,1691)  (7236,1583)  (7263,1583)  (7290,1583)  (7292,1610)  (7292,1637)  (7182,1609)  (7182,1582)  (7209,1582)  (7237,1717)  (7210,1717)  (7157,1664)  (7157,1637)  (7318,1664)  (7318,1691)  (7318,1718)  (7291,1718)  (7264,1718)  (7183,1718)  (7156,1718)  (7156,1691)  (7236,1556)  (7263,1556)  (7290,1556)  (7319,1622)  (7155,1610)  (7155,1583)  (7155,1556)  (7182,1555)  (7209,1555)  (7317,1549)  (7237,1744)  (7210,1744)  (7130,1664)  (7130,1637)  (7333,1745)  (7306,1745)  (7279,1745)  (7183,1745)  (7156,1745)  (7129,1745)  (7129,1718)  (7129,1691)  (7129,1529) 
Tarawa  (8017,2547) 
Berlin  (3211,816) 
Yunnan  (5770,1687)  (5743,1713)  (5743,1686)  (5796,1714)  (5770,1660)  (5797,1660)  (5797,1687)  (5741,1659)  (5769,1740)  (5742,1740)  (5716,1713)  (5716,1686)  (5823,1714)  (5823,1741)  (5796,1741)  (5768,1633)  (5795,1633)  (5824,1676)  (5714,1659)  (5714,1632)  (5741,1632)  (5715,1743)  (5850,1703)  (5850,1730)  (5850,1757)  (5823,1768)  (5796,1768)  (5768,1606)  (5795,1606)  (5716,1605)  (5877,1719)  (5877,1746)  (5743,1579)  (5770,1579) 
Punjab  (5173,1506)  (5146,1532)  (5146,1505)  (5199,1533)  (5173,1479)  (5200,1479)  (5200,1506)  (5144,1478)  (5172,1559)  (5145,1559)  (5119,1532)  (5119,1505)  (5226,1533)  (5226,1560)  (5199,1560)  (5118,1560)  (5171,1452)  (5198,1452)  (5225,1452)  (5227,1479)  (5227,1506)  (5117,1478)  (5117,1451)  (5144,1451)  (5252,1427)  (5172,1586)  (5145,1586)  (5253,1533)  (5253,1560)  (5229,1587)  (5202,1587)  (5118,1587)  (5091,1587)  (5171,1425)  (5198,1425)  (5225,1425)  (5254,1454)  (5254,1481)  (5098,1424)  (5125,1424)  (5102,1397) 
Lombok  (6312,2618) 
11 Sea Zone  (2897,352)  (2870,364)  (2870,337)  (2923,379)  (2897,325)  (2924,325)  (2924,352)  (2896,391)  (2854,310)  (2843,364)  (2843,337)  (2950,379)  (2950,406)  (2923,406)  (2881,298)  (2908,298)  (2935,298)  (2951,325)  (2951,352)  (2962,289)  (2827,310)  (2816,362)  (2972,433)  (2945,433)  (2918,433)  (2800,335)  (2800,308)  (2789,378)  (2972,460)  (2945,460)  (2918,460)  (2972,487)  (2945,487)  (2918,487)  (2972,514)  (2945,514)  (2918,514) 
Rhodesia  (3599,2849)  (3572,2875)  (3572,2848)  (3625,2876)  (3599,2822)  (3626,2822)  (3626,2849)  (3570,2821)  (3598,2902)  (3571,2902)  (3545,2875)  (3545,2848)  (3652,2876)  (3652,2903)  (3625,2903)  (3544,2903)  (3597,2795)  (3624,2795)  (3651,2795)  (3653,2822)  (3653,2849)  (3543,2821)  (3543,2794)  (3570,2794)  (3678,2770)  (3598,2929)  (3571,2929)  (3518,2876)  (3518,2849)  (3679,2876)  (3679,2903)  (3679,2930)  (3652,2930)  (3625,2930)  (3544,2930)  (3517,2930)  (3517,2903)  (3597,2768)  (3624,2768)  (3651,2768)  (3680,2797)  (3680,2824)  (3516,2822)  (3516,2795)  (3516,2768)  (3543,2767)  (3570,2767)  (3682,2743)  (3705,2770)  (3598,2956)  (3571,2956) 
17 Sea Zone  (2387,824)  (2360,850)  (2360,823)  (2413,851)  (2387,797)  (2414,797)  (2414,824)  (2358,796)  (2386,877)  (2359,877)  (2333,850)  (2333,823)  (2440,851)  (2440,878)  (2413,878)  (2332,878)  (2385,770)  (2412,770)  (2439,770)  (2441,797)  (2441,824)  (2331,796)  (2331,769)  (2358,769)  (2466,745)  (2386,904)  (2359,904)  (2306,851)  (2306,824)  (2467,851)  (2467,878)  (2467,905)  (2440,905)  (2413,905)  (2332,905)  (2305,905)  (2305,878)  (2385,743)  (2412,743)  (2439,743)  (2468,772)  (2468,799)  (2304,797)  (2304,770)  (2304,743)  (2331,742)  (2358,742)  (2466,718)  (2493,718)  (2493,745)  (2386,931)  (2359,931)  (2279,851)  (2279,824) 
Falkland  (1261,3556)  (1288,3548) 
58 Sea Zone  (4573,1980)  (4546,2006)  (4546,1979)  (4599,2007)  (4573,1953)  (4600,1953)  (4600,1980)  (4544,1952)  (4572,2033)  (4545,2033)  (4519,2006)  (4519,1979)  (4626,2007)  (4626,2034)  (4599,2034)  (4518,2034)  (4571,1926)  (4598,1926)  (4625,1926)  (4627,1953)  (4627,1980)  (4517,1952)  (4528,1925)  (4652,1901)  (4572,2060)  (4545,2060)  (4492,2007)  (4492,1980)  (4653,2007)  (4653,2034)  (4653,2061)  (4626,2061)  (4599,2061)  (4518,2061)  (4491,2061)  (4491,2034)  (4578,1899)  (4605,1899)  (4654,1928)  (4654,1955)  (4490,1953)  (4632,1874)  (4659,1874)  (4679,1901)  (4572,2087)  (4545,2087)  (4465,2007)  (4465,1980)  (4680,1982)  (4680,2009)  (4680,2036)  (4680,2063) 
Ontario  (716,767)  (689,793)  (689,766)  (742,794)  (716,740)  (743,740)  (743,767)  (687,739)  (715,820)  (688,820)  (662,793)  (662,766)  (769,794)  (769,821)  (742,821)  (661,821)  (714,713)  (741,713)  (768,713)  (770,740)  (770,767)  (660,739)  (660,712)  (687,712)  (715,847)  (688,847)  (635,794)  (635,767)  (796,794)  (796,821)  (796,848)  (769,848)  (742,848)  (661,848)  (714,686)  (741,686)  (797,732)  (797,759)  (633,740)  (633,713)  (633,686)  (660,685)  (687,685)  (715,874)  (688,874)  (608,795)  (608,768)  (823,786)  (823,813)  (823,840)  (823,867) 
Delhi  (5208,1647) 
British Somaliland  (4204,2149)  (4241,2135) 
Upper Burma  (5770,1687)  (5743,1713)  (5743,1686)  (5796,1714)  (5770,1660)  (5797,1660)  (5797,1687)  (5741,1659)  (5769,1740)  (5742,1740)  (5716,1713)  (5716,1686)  (5823,1714)  (5823,1741)  (5796,1741)  (5768,1633)  (5795,1633)  (5824,1676)  (5714,1659)  (5714,1632)  (5741,1632)  (5715,1743)  (5850,1703)  (5850,1730)  (5850,1757)  (5823,1768)  (5796,1768)  (5768,1606)  (5795,1606)  (5716,1605)  (5877,1719)  (5877,1746)  (5743,1579)  (5770,1579) 
52 Sea Zone  (3660,1317)  (3686,1344)  (3659,1344)  (3647,1290) 
Kwajalein  (7780,2012) 
Malta  (3305,1437) 
South Atlantic USA  (556,1349)  (529,1375)  (529,1348)  (582,1376)  (556,1322)  (583,1322)  (583,1349)  (527,1321)  (555,1402)  (528,1402)  (502,1375)  (502,1348)  (609,1376)  (609,1403)  (582,1403)  (501,1403)  (554,1295)  (581,1295)  (608,1295)  (610,1322)  (610,1349)  (500,1321)  (500,1294)  (527,1294)  (635,1270)  (529,1429)  (475,1376)  (475,1349)  (636,1376)  (609,1430)  (582,1430)  (474,1419)  (554,1268)  (581,1268)  (608,1268)  (637,1297)  (637,1324)  (473,1322)  (473,1295)  (499,1267)  (526,1267)  (635,1243)  (662,1243)  (662,1270)  (448,1392)  (448,1365)  (663,1351)  (609,1457)  (447,1419)  (559,1241)  (586,1241)  (664,1297)  (664,1324) 
Cape Verde  (2202,1977) 
27 Sea Zone  (1397,1661)  (1370,1687)  (1370,1660)  (1423,1688)  (1397,1634)  (1424,1634)  (1424,1661)  (1368,1633)  (1396,1714)  (1369,1714)  (1343,1687)  (1343,1660)  (1450,1688)  (1450,1715)  (1423,1715)  (1342,1715)  (1395,1607)  (1422,1607)  (1449,1607)  (1451,1634)  (1451,1661)  (1341,1633)  (1341,1606)  (1368,1606)  (1476,1582)  (1396,1741)  (1369,1741)  (1316,1688)  (1316,1661)  (1477,1688)  (1477,1715)  (1477,1742)  (1450,1742)  (1423,1742)  (1342,1742)  (1315,1742)  (1315,1715)  (1395,1580)  (1422,1580)  (1449,1580)  (1478,1609)  (1478,1636)  (1314,1634)  (1314,1607)  (1314,1580)  (1341,1579)  (1368,1579)  (1476,1555)  (1503,1555)  (1503,1582)  (1396,1768)  (1369,1768)  (1289,1688)  (1289,1661) 
Szechwan  (5837,1540)  (5810,1538)  (5863,1567)  (5837,1513)  (5864,1513)  (5864,1540)  (5807,1511)  (5878,1594)  (5851,1594)  (5891,1514)  (5811,1484) 
Lapland  (3558,231)  (3531,257)  (3531,230)  (3580,258)  (3558,204)  (3585,218) 
Rostov  (3912,854)  (3885,854)  (3915,881)  (3921,827)  (3939,854)  (3948,818)  (3913,908)  (3936,791)  (3937,764)  (3971,964) 
42 Sea Zone  (2887,1317)  (2860,1339)  (2860,1312)  (2914,1305)  (2854,1285)  (2881,1285)  (2833,1343)  (2833,1316)  (2941,1294)  (2941,1321)  (2968,1286)  (2968,1313)  (2995,1286)  (2995,1313) 
Pearl Harbor  (8761,1827) 
Lithuania  (3523,661)  (3549,688)  (3550,649)  (3576,676)  (3576,703) 
Salekhard  (5310,104)  (5283,130)  (5283,103)  (5336,131)  (5310,77)  (5337,77)  (5337,104)  (5281,76)  (5309,157)  (5282,157)  (5256,130)  (5256,103)  (5363,131)  (5363,158)  (5336,158)  (5255,158)  (5308,50)  (5335,50)  (5362,50)  (5364,77)  (5364,104)  (5254,76)  (5254,49)  (5281,49)  (5389,25)  (5309,184)  (5282,184)  (5229,131)  (5229,104)  (5390,131)  (5390,158)  (5390,185)  (5363,185)  (5336,185)  (5255,185)  (5228,185)  (5228,158)  (5308,23)  (5335,23)  (5362,23)  (5391,52)  (5391,79)  (5227,77)  (5227,50)  (5227,23)  (5254,22)  (5281,22)  (5416,3)  (5309,211)  (5282,211)  (5202,131)  (5202,104) 
Fukien  (6347,1645) 
Panay  (6517,2121) 
80 Sea Zone  (9241,654)  (9214,680)  (9214,653)  (9267,681)  (9241,627)  (9268,627)  (9268,654)  (9212,626)  (9240,707)  (9213,707)  (9187,680)  (9187,653)  (9294,681)  (9294,708)  (9267,708)  (9186,708)  (9239,600)  (9266,600)  (9293,600)  (9295,627)  (9295,654)  (9185,626)  (9185,599)  (9212,599)  (9320,575)  (9240,734)  (9213,734)  (9160,681)  (9160,654)  (9321,681)  (9321,708)  (9321,735)  (9294,735)  (9267,735)  (9186,735)  (9159,735)  (9159,708)  (9239,573)  (9266,573)  (9293,573)  (9322,602)  (9322,629)  (9158,627)  (9158,600)  (9158,573)  (9185,572)  (9212,572)  (9320,548)  (9347,553)  (9240,761)  (9213,761)  (9133,681)  (9133,654) 
111 Sea Zone  (6450,2324)  (6423,2350)  (6423,2323)  (6460,2351)  (6450,2297)  (6477,2297)  (6477,2324)  (6422,2296)  (6447,2378)  (6449,2270)  (6476,2270)  (6503,2270)  (6504,2297)  (6504,2324)  (6420,2402)  (6444,2243)  (6471,2243)  (6498,2243)  (6393,2415)  (6417,2217)  (6444,2216)  (6471,2216)  (6498,2216)  (6413,2442)  (6386,2442)  (6390,2203)  (6417,2190)  (6444,2189)  (6471,2189)  (6395,2469)  (6368,2469)  (6389,2176)  (6498,2168)  (6416,2163)  (6443,2162)  (6470,2162)  (6401,2496)  (6374,2496)  (6431,2135)  (6458,2135)  (6413,2523)  (6386,2523)  (6359,2538)  (6448,2108)  (6483,2548)  (6415,2550)  (6388,2550)  (6361,2565)  (6491,2575)  (6442,2576)  (6415,2577)  (6388,2577) 
N.French Indochina  (5947,1825)  (5920,1851)  (5920,1824)  (5973,1852)  (5947,1798)  (5974,1798)  (5974,1825)  (5918,1797)  (5946,1878)  (5919,1878)  (5989,1879)  (5954,1771)  (5981,1771)  (6001,1798)  (6008,1764) 
Venetia  (3228,1043)  (3201,1057)  (3222,1084) 
Wake  (7805,1499) 
Krasnoyarsk  (5500,802)  (5473,828)  (5473,801)  (5526,829)  (5500,775)  (5527,775)  (5527,802)  (5471,774)  (5499,855)  (5472,855)  (5446,828)  (5446,801)  (5553,829)  (5553,856)  (5526,856)  (5445,856)  (5498,748)  (5525,748)  (5552,748)  (5554,775)  (5554,802)  (5444,774)  (5444,747)  (5471,747)  (5579,723)  (5499,882)  (5472,882)  (5419,829)  (5419,802)  (5580,829)  (5580,856)  (5580,883)  (5553,883)  (5526,883)  (5445,883)  (5418,882)  (5498,721)  (5525,721)  (5552,721)  (5581,750)  (5581,777)  (5417,775)  (5417,748)  (5417,721)  (5444,720)  (5471,720)  (5579,696)  (5606,706)  (5499,909)  (5607,804)  (5607,831)  (5607,858)  (5607,885) 
14 Sea Zone  (1432,1254)  (1405,1280)  (1405,1253)  (1458,1281)  (1432,1227)  (1459,1227)  (1459,1254)  (1403,1226)  (1431,1307)  (1404,1307)  (1378,1280)  (1378,1253)  (1485,1281)  (1485,1308)  (1458,1308)  (1377,1308)  (1430,1200)  (1457,1200)  (1484,1200)  (1486,1227)  (1486,1254)  (1376,1226)  (1376,1199)  (1403,1199)  (1511,1175)  (1431,1334)  (1404,1334)  (1351,1281)  (1351,1254)  (1512,1281)  (1512,1308)  (1512,1335)  (1485,1335)  (1458,1335)  (1377,1335)  (1350,1335)  (1350,1308)  (1430,1173)  (1457,1173)  (1484,1173)  (1513,1202)  (1513,1229)  (1349,1227)  (1349,1200)  (1349,1173)  (1376,1172)  (1403,1172)  (1511,1148)  (1538,1148)  (1538,1175)  (1431,1361)  (1404,1361)  (1324,1281)  (1324,1254) 
Semipalatinsk  (5337,1010)  (5310,1036)  (5310,1009)  (5363,1037)  (5337,983)  (5364,983)  (5364,1010)  (5308,982)  (5336,1063)  (5309,1063)  (5390,1037)  (5373,1064)  (5335,956)  (5362,956)  (5389,956)  (5391,983)  (5391,1010)  (5282,1068)  (5416,931)  (5346,1090)  (5319,1090)  (5417,1037)  (5351,929)  (5378,929)  (5418,958)  (5418,985)  (5339,1117)  (5444,1012)  (5445,940)  (5445,967) 
55 Sea Zone  (3744,1387)  (3750,1355)  (3771,1382)  (3772,1409)  (3777,1355)  (3798,1382)  (3799,1409)  (3804,1339)  (3825,1366)  (3826,1393)  (3826,1420)  (3853,1376)  (3853,1403)  (3880,1374)  (3880,1401)  (3897,1323)  (3907,1350)  (3907,1377)  (3907,1404) 
Aroe  (6797,2503) 
Suriname  (1212,2189)  (1238,2216)  (1211,2216)  (1203,2162)  (1230,2162)  (1239,2189) 
Amchitka  (8260,309) 
Paris  (2966,920) 
Greenland  (1784,111)  (1757,137)  (1757,110)  (1810,138)  (1784,84)  (1811,84)  (1811,111)  (1755,83)  (1783,164)  (1756,164)  (1730,137)  (1730,110)  (1837,138)  (1837,165)  (1810,165)  (1729,165)  (1782,57)  (1809,57)  (1836,57)  (1838,84)  (1838,111)  (1728,83)  (1728,56)  (1755,56)  (1863,32)  (1783,191)  (1756,191)  (1703,138)  (1703,111)  (1864,138)  (1864,165)  (1864,192)  (1837,192)  (1810,192)  (1729,192)  (1702,192)  (1702,165)  (1782,30)  (1809,30)  (1836,30)  (1865,59)  (1865,86)  (1701,84)  (1701,57)  (1701,30)  (1728,29)  (1755,29)  (1863,5)  (1890,5)  (1890,32)  (1783,218)  (1756,218)  (1676,138)  (1676,111) 
38 Sea Zone  (3029,2640)  (3002,2666)  (3002,2639)  (3055,2667)  (3029,2613)  (3056,2613)  (3056,2640)  (3000,2612)  (3028,2693)  (3001,2693)  (2975,2666)  (2975,2639)  (3082,2667)  (3082,2694)  (3055,2694)  (2974,2694)  (3027,2586)  (3054,2586)  (3081,2586)  (3083,2613)  (3083,2640)  (2973,2612)  (2973,2585)  (3000,2585)  (3108,2561)  (3028,2720)  (3001,2720)  (2948,2667)  (2948,2640)  (3109,2667)  (3109,2694)  (3109,2721)  (3082,2721)  (3055,2721)  (2974,2721)  (2947,2721)  (2947,2694)  (3027,2559)  (3054,2559)  (3081,2559)  (3110,2588)  (3110,2615)  (2946,2613)  (2946,2586)  (2946,2559)  (2973,2558)  (3000,2558)  (3108,2534)  (3135,2534)  (3135,2561)  (3028,2747)  (3001,2747)  (2921,2667)  (2921,2640) 
Mindanao  (6549,2182)  (6594,2168) 
New Valley  (3641,1711)  (3614,1737)  (3614,1710)  (3667,1738)  (3641,1684)  (3668,1684)  (3668,1711)  (3612,1683)  (3640,1764)  (3613,1764)  (3587,1737)  (3587,1710)  (3694,1738)  (3694,1765)  (3667,1765)  (3586,1764)  (3639,1657)  (3666,1657)  (3693,1657)  (3695,1684)  (3695,1711)  (3585,1683)  (3585,1656)  (3612,1656)  (3560,1731)  (3722,1671)  (3722,1698)  (3722,1725) 
99 Sea Zone  (9656,1978)  (9629,2004)  (9629,1977)  (9682,2005)  (9656,1951)  (9683,1951)  (9683,1978)  (9627,1950)  (9655,2031)  (9628,2031)  (9602,2004)  (9602,1977)  (9709,2005)  (9709,2032)  (9682,2032)  (9601,2032)  (9654,1924)  (9681,1924)  (9708,1924)  (9710,1951)  (9710,1978)  (9600,1950)  (9600,1923)  (9627,1923)  (9735,1899)  (9655,2058)  (9628,2058)  (9575,2005)  (9575,1978)  (9736,2005)  (9736,2032)  (9736,2059)  (9709,2059)  (9682,2059)  (9601,2059)  (9574,2059)  (9574,2032)  (9654,1897)  (9681,1897)  (9708,1897)  (9737,1926)  (9737,1953)  (9573,1951)  (9573,1924)  (9573,1897)  (9600,1896)  (9627,1896)  (9735,1872)  (9762,1872)  (9762,1899)  (9655,2085)  (9628,2085)  (9548,2005)  (9548,1978) 
Komi  (4422,99)  (4395,125)  (4395,98)  (4448,126)  (4422,72)  (4449,72)  (4449,99)  (4393,71)  (4421,152)  (4394,152)  (4368,125)  (4368,98)  (4475,126)  (4475,153)  (4448,153)  (4367,153)  (4420,45)  (4447,45)  (4474,45)  (4476,72)  (4476,99)  (4366,71)  (4366,44)  (4393,44)  (4501,20)  (4421,179)  (4394,179)  (4341,126)  (4341,99)  (4502,126)  (4502,153)  (4502,180)  (4475,180)  (4448,180)  (4367,180)  (4340,180)  (4340,153)  (4420,18)  (4447,18)  (4474,18)  (4503,47)  (4503,74)  (4339,72)  (4339,45)  (4339,18)  (4366,17)  (4393,17)  (4528,3)  (4421,206)  (4394,206)  (4314,126)  (4314,99) 
Wales  (2816,698)  (2837,731)  (2822,656)  (2864,739) 
Tashkent  (4693,1167) 
Attu  (8014,288) 
Bavaria  (3178,946)  (3151,954)  (3151,927)  (3204,973)  (3178,919)  (3205,934)  (3177,981)  (3147,900) 
W.Romania  (3546,1022)  (3519,1038)  (3558,1049)  (3532,995)  (3559,995)  (3568,1076)  (3596,1090) 
Chita  (6170,938)  (6143,964)  (6143,937)  (6196,965)  (6170,911)  (6197,911)  (6197,938)  (6141,910)  (6169,991)  (6142,991)  (6116,964)  (6116,937)  (6199,992)  (6115,992)  (6168,884)  (6195,884)  (6222,884)  (6224,911)  (6224,938)  (6114,910)  (6117,883)  (6172,1018)  (6145,1018)  (6089,965)  (6089,938)  (6249,858)  (6118,1019)  (6091,1019)  (6088,992)  (6144,857)  (6171,857)  (6198,857)  (6251,894)  (6251,921)  (6062,965)  (6225,831)  (6139,830)  (6166,830)  (6193,830)  (6278,918)  (6220,804)  (6150,803)  (6177,803) 
Kamchatka  (7263,620)  (7236,632)  (7236,605)  (7289,647)  (7263,593)  (7290,593)  (7290,620)  (7220,578)  (7298,674)  (7271,674)  (7262,566)  (7302,701) 
Heilungchiang  (6391,971)  (6364,997)  (6364,970)  (6417,998)  (6391,944)  (6418,944)  (6418,971)  (6362,943)  (6390,1024)  (6444,998)  (6444,1025)  (6417,1025)  (6389,917)  (6416,917)  (6336,916)  (6471,1020)  (6471,1047)  (6444,1052)  (6417,1052)  (6363,890)  (6390,890)  (6311,889)  (6474,1074)  (6447,1079)  (6338,863)  (6365,863)  (6392,863)  (6310,862)  (6419,858)  (6369,836)  (6396,831) 
Lanchow  (5759,1441)  (5732,1467)  (5763,1468)  (5745,1414)  (5772,1414)  (5786,1441)  (5799,1401)  (5813,1428)  (5840,1423) 
13 Sea Zone  (1062,1297)  (1035,1323)  (1035,1296)  (1088,1324)  (1062,1270)  (1089,1270)  (1089,1297)  (1033,1269)  (1061,1350)  (1034,1350)  (1008,1323)  (1008,1296)  (1115,1324)  (1115,1351)  (1088,1351)  (1007,1351)  (1060,1243)  (1087,1243)  (1114,1243)  (1116,1270)  (1116,1297)  (1006,1269)  (1006,1242)  (1033,1242)  (1141,1218)  (1061,1377)  (1034,1377)  (981,1324)  (981,1297)  (1142,1324)  (1142,1351)  (1142,1378)  (1115,1378)  (1088,1378)  (1007,1378)  (980,1378)  (980,1351)  (1060,1216)  (1087,1216)  (1114,1216)  (1143,1245)  (1143,1272)  (979,1270)  (979,1243)  (979,1216)  (1006,1215)  (1033,1215)  (1141,1191)  (1168,1191)  (1168,1218)  (1061,1404)  (1034,1404)  (954,1324)  (954,1297) 
115 Sea Zone  (7917,2822)  (7890,2848)  (7890,2821)  (7943,2849)  (7917,2795)  (7944,2795)  (7944,2822)  (7888,2794)  (7916,2875)  (7889,2875)  (7863,2848)  (7863,2821)  (7970,2849)  (7970,2876)  (7943,2876)  (7862,2876)  (7915,2768)  (7942,2768)  (7969,2768)  (7971,2795)  (7971,2822)  (7861,2794)  (7861,2767)  (7888,2767)  (7996,2743)  (7916,2902)  (7889,2902)  (7836,2849)  (7836,2822)  (7997,2849)  (7997,2876)  (7997,2903)  (7970,2903)  (7943,2903)  (7862,2903)  (7835,2903)  (7835,2876)  (7915,2741)  (7942,2741)  (7969,2741)  (7998,2770)  (7998,2797)  (7834,2795)  (7834,2768)  (7834,2741)  (7861,2740)  (7888,2740)  (7996,2716)  (8023,2716)  (8023,2743)  (7916,2929)  (7889,2929)  (7809,2849)  (7809,2822) 
Malaya  (5913,2298)  (5926,2325)  (5893,2271)  (5920,2271) 
Galapagos  (266,2237)  (293,2237) 
Argentina  (1020,3017)  (993,3043)  (993,3016)  (1046,3044)  (1020,2990)  (1047,2990)  (1047,3017)  (991,2989)  (1019,3070)  (992,3070)  (966,3043)  (966,3016)  (1073,3044)  (1073,3071)  (1046,3071)  (965,3071)  (1018,2963)  (1045,2963)  (1072,2963)  (1074,2990)  (1074,3017)  (964,2989)  (964,2962)  (991,2962)  (1099,2938)  (1019,3097)  (992,3097)  (939,3044)  (939,3017)  (1100,3044)  (1100,3071)  (1100,3098)  (1073,3098)  (1046,3098)  (965,3098)  (938,3098)  (938,3071)  (1018,2936)  (1045,2936)  (1072,2936)  (1101,2965)  (1101,2992)  (937,2990)  (937,2963)  (937,2936)  (964,2935)  (991,2935)  (1099,2911)  (1126,2911)  (1126,2938)  (1019,3124)  (992,3124)  (912,3044)  (912,3017) 
Warsaw  (3526,810) 
Milne Bay  (7253,2597)  (7226,2589)  (7253,2570)  (7280,2604)  (7289,2631)  (7313,2658)  (7340,2656)  (7367,2672) 
Donetsk  (3804,918)  (3777,944)  (3777,917)  (3830,945)  (3804,891)  (3831,891)  (3831,918)  (3795,971)  (3799,864)  (3858,886)  (3858,913) 
S.Algeria  (2960,1496)  (2933,1522)  (2933,1495)  (2986,1523)  (2960,1469)  (2987,1469)  (2987,1496)  (2906,1529)  (2906,1502)  (2906,1475)  (3013,1523)  (3014,1449)  (3014,1476)  (2879,1524)  (2879,1497)  (2879,1470)  (3041,1441)  (2852,1523)  (2852,1496)  (2825,1516) 
Oulu  (3555,349)  (3528,358)  (3528,331)  (3555,322)  (3582,322)  (3582,349)  (3609,357) 
British Columbia  (9625,476)  (9598,502)  (9598,475)  (9651,503)  (9625,449)  (9652,449)  (9652,476)  (9596,448)  (9624,529)  (9597,529)  (9571,502)  (9571,475)  (9678,503)  (9678,530)  (9651,530)  (9570,530)  (9623,422)  (9650,422)  (9677,422)  (9679,449)  (9679,476)  (9569,448)  (9569,421)  (9596,421)  (9704,397)  (9624,556)  (9597,556)  (9544,503)  (9544,476)  (9705,503)  (9705,530)  (9705,557)  (9678,557)  (9651,557)  (9570,557)  (9543,557)  (9543,530)  (9623,395)  (9650,395)  (9677,395)  (9706,424)  (9706,451)  (9542,449)  (9542,422)  (9542,395)  (9569,394)  (9596,394)  (9704,370)  (9731,370)  (9731,397)  (9624,583)  (9597,583)  (9517,503)  (9517,476) 
Lorraine  (3077,934)  (3086,961)  (3059,907) 
94 Sea Zone  (6979,1787)  (6952,1813)  (6952,1786)  (7005,1814)  (6979,1760)  (7006,1760)  (7006,1787)  (6950,1759)  (6978,1840)  (6951,1840)  (6925,1813)  (6925,1786)  (7032,1814)  (7032,1841)  (7005,1841)  (6924,1841)  (6977,1733)  (7004,1733)  (7031,1733)  (7033,1760)  (7033,1787)  (6923,1759)  (6923,1732)  (6950,1732)  (7058,1708)  (6978,1867)  (6951,1867)  (6898,1814)  (6898,1787)  (7059,1814)  (7059,1841)  (7055,1868)  (7028,1868)  (6924,1868)  (6897,1868)  (6897,1841)  (6977,1706)  (7004,1706)  (7031,1706)  (7060,1735)  (7060,1762)  (6896,1760)  (6896,1733)  (6896,1706)  (6923,1705)  (6950,1705)  (7058,1681)  (7085,1681)  (7085,1708)  (7001,1894)  (6974,1894)  (6871,1814)  (6871,1787) 
Flores  (6453,2616) 
Tuscany  (3237,1165)  (3210,1167)  (3264,1154) 
Astrakhan  (4143,1049)  (4116,1075)  (4116,1048)  (4169,1076)  (4143,1022)  (4170,1022)  (4170,1049)  (4114,1021)  (4142,1102)  (4115,1102)  (4089,1075)  (4089,1048)  (4196,1076)  (4196,1103)  (4169,1103)  (4088,1103)  (4158,995)  (4185,995)  (4197,1022)  (4197,1049)  (4212,980)  (4165,968)  (4224,1007)  (4251,992) 
46 Sea Zone  (3243,1296)  (3216,1322)  (3216,1295)  (3269,1323)  (3243,1269)  (3270,1270)  (3214,1268)  (3189,1335)  (3189,1308)  (3296,1297)  (3296,1324)  (3187,1281)  (3187,1254)  (3214,1241)  (3173,1227)  (3162,1328)  (3323,1303)  (3323,1330)  (3200,1214)  (3162,1200) 
Irkutsk  (5754,892)  (5727,918)  (5727,891)  (5780,919)  (5754,865)  (5781,865)  (5781,892)  (5725,864)  (5753,945)  (5726,945)  (5700,918)  (5700,891)  (5807,919)  (5807,946)  (5780,946)  (5699,946)  (5752,838)  (5779,838)  (5806,838)  (5808,865)  (5808,892)  (5698,864)  (5698,837)  (5725,837)  (5833,813)  (5753,972)  (5726,972)  (5673,919)  (5673,892)  (5834,919)  (5834,946)  (5830,973)  (5803,973)  (5699,973)  (5672,973)  (5672,946)  (5752,811)  (5779,811)  (5806,811)  (5835,840)  (5835,867)  (5671,865)  (5671,838)  (5671,811)  (5698,810)  (5725,810)  (5833,786)  (5860,786)  (5860,813)  (5776,999)  (5749,999)  (5646,919) 
Sumatra  (5903,2437)  (5876,2417)  (5929,2464)  (5903,2410)  (5930,2424)  (5855,2390)  (5956,2476)  (5968,2503)  (5845,2363)  (5995,2497)  (5995,2524)  (5818,2337) 
London  (2877,684) 
Georgia  (3946,1010)  (3919,1008)  (3973,1008)  (3916,981)  (3976,1035)  (4003,1013)  (4003,1040)  (4022,1067)  (4029,1094)  (4030,1023) 
41 Sea Zone  (2726,1376)  (2699,1379)  (2753,1367)  (2672,1380)  (2780,1351)  (2645,1370) 
Yemen  (4162,1983)  (4176,2010)  (4139,1956)  (4166,1956)  (4193,1952)  (4193,1979)  (4174,2037) 
Palawan  (6404,2111) 
110 Sea Zone  (6056,2446)  (6029,2468)  (6029,2441)  (6082,2473)  (6056,2419)  (6083,2419)  (6083,2446)  (6023,2414)  (6055,2495)  (6002,2458)  (6109,2473)  (6109,2500)  (6082,2500)  (6050,2392)  (6077,2392)  (6104,2392)  (6110,2419)  (6110,2446)  (5996,2431)  (5996,2404)  (6023,2387)  (5989,2377)  (6055,2522)  (6136,2473)  (6136,2500)  (6136,2527)  (6109,2527)  (6082,2527)  (6050,2365)  (6077,2365)  (6104,2365)  (6016,2360)  (5962,2393)  (5989,2350)  (6163,2515)  (6163,2542)  (6043,2338)  (6070,2338)  (6097,2338)  (6124,2333)  (6167,2332)  (6190,2514)  (6190,2541)  (6102,2306)  (6129,2306)  (6217,2545)  (6244,2548)  (6259,2575)  (6271,2547)  (6286,2574)  (6298,2540) 
Hamburg  (3180,719)  (3207,721)  (3140,731) 
Yap  (7083,2178) 
Madagascar  (4194,2914)  (4167,2940)  (4167,2913)  (4220,2941)  (4194,2887)  (4221,2887)  (4221,2914)  (4165,2886)  (4193,2967)  (4166,2967)  (4223,2968)  (4139,2968)  (4192,2860)  (4219,2860)  (4246,2860)  (4248,2887)  (4149,2859)  (4273,2835)  (4196,2994)  (4169,2994)  (4142,2995)  (4115,2995)  (4176,2833)  (4203,2833)  (4230,2833)  (4257,2808)  (4202,3021)  (4175,3021)  (4148,3022)  (4121,3022)  (4284,2787)  (4257,2781)  (4190,3048)  (4163,3049)  (4136,3049)  (4284,2760) 
Churchill  (585,303) 
Washington  (882,1157) 
21 Sea Zone  (2984,631)  (2957,636)  (2957,609)  (3010,658)  (2984,604)  (3011,604)  (3011,631)  (2943,582)  (3017,685)  (2990,685)  (2970,577)  (2997,577)  (3017,712)  (2990,712)  (3000,739) 
South Australia  (6747,3075)  (6720,3101)  (6720,3074)  (6773,3102)  (6747,3048)  (6774,3048)  (6774,3075)  (6718,3047)  (6746,3128)  (6719,3128)  (6693,3101)  (6693,3074)  (6800,3102)  (6800,3129)  (6773,3129)  (6692,3129)  (6745,3021)  (6772,3021)  (6799,3021)  (6801,3048)  (6801,3075)  (6691,3047)  (6691,3020)  (6718,3020)  (6826,2996)  (6746,3155)  (6719,3155)  (6666,3102)  (6666,3075)  (6827,3102)  (6827,3129)  (6827,3156)  (6800,3156)  (6773,3156)  (6692,3156)  (6665,3156)  (6665,3129)  (6745,2994)  (6772,2994)  (6799,2994)  (6828,3023)  (6828,3050)  (6664,3048)  (6664,3021)  (6664,2994)  (6691,2993)  (6718,2993)  (6826,2969)  (6853,2969)  (6853,2996)  (6746,3182)  (6719,3182)  (6639,3102)  (6639,3075) 
Yakutsk  (6234,507)  (6207,533)  (6207,506)  (6260,534)  (6234,480)  (6261,480)  (6261,507)  (6205,479)  (6233,560)  (6206,560)  (6180,533)  (6180,506)  (6287,534)  (6278,561)  (6179,561)  (6232,453)  (6259,453)  (6286,453)  (6288,480)  (6288,507)  (6313,428)  (6220,587)  (6153,534)  (6193,588)  (6166,588)  (6152,561)  (6251,426)  (6278,426)  (6315,455)  (6315,482)  (6139,593)  (6305,401)  (6332,401)  (6340,428)  (6342,455)  (6359,384)  (6326,374)  (6367,411)  (6369,438) 
N.Saudi Arabia  (4086,1642)  (4059,1668)  (4059,1641)  (4112,1669)  (4086,1615)  (4113,1615)  (4113,1642)  (4057,1614)  (4085,1695)  (4058,1695)  (4032,1668)  (4032,1641)  (4139,1669)  (4139,1696)  (4112,1696)  (4031,1696)  (4084,1588)  (4111,1588)  (4138,1588)  (4140,1615)  (4140,1642)  (4030,1614)  (4030,1587)  (4057,1587)  (4165,1588)  (4085,1722)  (4058,1722)  (4005,1669)  (4005,1642)  (4166,1669)  (4166,1696)  (4166,1723)  (4139,1723)  (4112,1723)  (4031,1723)  (4004,1723)  (4004,1696)  (4167,1615)  (4167,1642)  (4003,1615)  (4003,1588)  (4003,1561)  (4030,1560)  (4057,1560)  (4085,1749)  (4058,1749)  (3978,1669)  (3978,1642)  (4193,1669)  (4193,1696)  (4193,1723) 
El Agheila  (3378,1574)  (3351,1595)  (3351,1568)  (3405,1554)  (3405,1581)  (3353,1541)  (3324,1589)  (3432,1555)  (3432,1582) 
Kansu  (5901,1449)  (5874,1474)  (5927,1476)  (5887,1422)  (5914,1422)  (5928,1449)  (5941,1409)  (5897,1395)  (5924,1382) 
18 Sea Zone  (2649,758)  (2622,784)  (2622,757)  (2675,785)  (2649,731)  (2676,731)  (2676,758)  (2620,730)  (2648,811)  (2621,811)  (2595,784)  (2595,757)  (2702,785)  (2702,812)  (2675,812)  (2594,812)  (2699,704)  (2703,731)  (2703,758)  (2593,730)  (2593,703)  (2620,703)  (2726,697)  (2568,785)  (2568,758)  (2729,800)  (2567,812)  (2730,724)  (2730,751)  (2566,731)  (2566,704)  (2566,677)  (2593,676)  (2753,697)  (2541,785)  (2541,758)  (2540,650)  (2757,725)  (2567,649)  (2594,649)  (2768,663)  (2621,631)  (2540,623)  (2567,622)  (2594,622)  (2776,618)  (2621,604)  (2803,603)  (2540,596)  (2567,595)  (2594,595) 
Oahu  (8765,1770) 
East And South Borneo  (6306,2421)  (6279,2441)  (6279,2414)  (6332,2448)  (6306,2394)  (6333,2394)  (6333,2421)  (6305,2468)  (6252,2426)  (6356,2367)  (6323,2495) 
Chimkent  (4595,1026)  (4568,1052)  (4568,1025)  (4621,1053)  (4595,999)  (4622,999)  (4622,1026)  (4566,998)  (4594,1079)  (4567,1079)  (4541,1052)  (4541,1025)  (4648,1053)  (4648,1080)  (4621,1080)  (4540,1080)  (4593,972)  (4620,972)  (4647,972)  (4649,999)  (4649,1026)  (4539,998)  (4539,971)  (4566,971)  (4674,947)  (4594,1106)  (4567,1106)  (4514,1053)  (4514,1026)  (4675,1053)  (4675,1080)  (4675,1107)  (4648,1107)  (4621,1107)  (4540,1107)  (4513,1107)  (4513,1080)  (4593,945)  (4620,945)  (4647,945)  (4676,974)  (4676,1001)  (4512,999)  (4512,972)  (4512,945)  (4539,944)  (4566,944)  (4701,932)  (4487,1053)  (4487,1026)  (4702,1028)  (4702,1055)  (4702,1082)  (4702,1109) 
Helsinki  (3470,461) 
W.Mexico  (9800,1523)  (9773,1549)  (9773,1522)  (9826,1550)  (9800,1496)  (9827,1496)  (9827,1523)  (9771,1495)  (9799,1576)  (9772,1576)  (9746,1549)  (9746,1522)  (9853,1550)  (9853,1577)  (9826,1577)  (9798,1469)  (9825,1469)  (9852,1469)  (9854,1496)  (9854,1523)  (9744,1495)  (9744,1468)  (9771,1468)  (9879,1460)  (9799,1603)  (9719,1543)  (9880,1550)  (9880,1577)  (9880,1604)  (9853,1604)  (9826,1604)  (9798,1442)  (9825,1442)  (9881,1487)  (9881,1514)  (9717,1516)  (9717,1489)  (9717,1462)  (9744,1441)  (9771,1441)  (9711,1435)  (9891,1631)  (9864,1631)  (9837,1631)  (9810,1631)  (9798,1415)  (9825,1415)  (9738,1414)  (9765,1414)  (9684,1458)  (9684,1431) 
W.Suiyuan  (5914,1316)  (5887,1327)  (5887,1300)  (5941,1294)  (5941,1321)  (5960,1348)  (5987,1331) 
Java  (6155,2595)  (6182,2586)  (6109,2586)  (6209,2589)  (6082,2583) 
54 Sea Zone  (3906,1086)  (3879,1112)  (3879,1085)  (3932,1113)  (3906,1059)  (3933,1061)  (3877,1058)  (3959,1088)  (3850,1069)  (3851,992) 
Shanghai  (6274,1531)  (6247,1557)  (6247,1530)  (6300,1558)  (6274,1504)  (6301,1504)  (6301,1531)  (6220,1580)  (6220,1553)  (6220,1526)  (6327,1558)  (6272,1477)  (6299,1477)  (6326,1477)  (6328,1504)  (6328,1531)  (6353,1464)  (6354,1558)  (6324,1450)  (6355,1491)  (6355,1518)  (6381,1545) 
Evenkia  (5804,553)  (5777,579)  (5777,552)  (5830,580)  (5804,526)  (5831,526)  (5831,553)  (5775,525)  (5803,606)  (5776,606)  (5750,579)  (5750,552)  (5857,580)  (5857,607)  (5830,607)  (5749,607)  (5858,507)  (5858,534)  (5748,525)  (5765,498)  (5723,580)  (5723,553)  (5884,561)  (5884,588)  (5885,507)  (5885,534)  (5721,526)  (5696,567)  (5911,561)  (5912,504)  (5912,531)  (5694,540) 
E.Sikang  (5837,1540)  (5810,1538)  (5863,1567)  (5837,1513)  (5864,1513)  (5864,1540)  (5807,1511)  (5878,1594)  (5851,1594)  (5891,1514)  (5811,1484) 
Kauai  (8695,1715) 
Lower Burma  (5704,1857)  (5677,1874)  (5677,1847)  (5730,1884)  (5704,1830)  (5731,1830)  (5731,1857)  (5667,1820)  (5703,1901)  (5757,1884)  (5695,1803)  (5722,1803)  (5749,1803)  (5758,1830)  (5758,1857)  (5758,1911)  (5698,1928) 
123 Sea Zone  (8102,3527)  (8075,3553)  (8075,3526)  (8128,3554)  (8102,3500)  (8129,3500)  (8129,3527)  (8073,3499)  (8101,3580)  (8074,3580)  (8048,3553)  (8048,3526)  (8155,3554)  (8155,3581)  (8128,3581)  (8047,3581)  (8100,3473)  (8127,3473)  (8154,3473)  (8156,3500)  (8156,3527)  (8046,3499)  (8046,3472)  (8073,3472)  (8181,3448)  (8101,3607)  (8074,3607)  (8021,3554)  (8021,3527)  (8182,3554)  (8182,3581)  (8182,3608)  (8155,3608)  (8128,3608)  (8047,3608)  (8020,3608)  (8020,3581)  (8100,3446)  (8127,3446)  (8154,3446)  (8183,3475)  (8183,3502)  (8019,3500)  (8019,3473)  (8019,3446)  (8046,3445)  (8073,3445)  (8181,3421)  (8208,3421)  (8208,3448)  (8101,3634)  (8074,3634)  (7994,3554)  (7994,3527) 
Azerbaijan  (4194,1203)  (4167,1229)  (4167,1202)  (4220,1230)  (4194,1176)  (4221,1176)  (4221,1203)  (4165,1175)  (4140,1216)  (4247,1230)  (4247,1257)  (4220,1257)  (4228,1149)  (4248,1176)  (4248,1203)  (4138,1189)  (4138,1162)  (4255,1146)  (4274,1230)  (4274,1257)  (4275,1173)  (4275,1200)  (4301,1227)  (4301,1254) 
Mauritania  (2472,1828)  (2445,1854)  (2445,1827)  (2498,1855)  (2472,1801)  (2499,1801)  (2499,1828)  (2443,1800)  (2471,1881)  (2444,1881)  (2418,1854)  (2418,1827)  (2525,1855)  (2525,1882)  (2498,1882)  (2417,1882)  (2470,1774)  (2497,1774)  (2524,1774)  (2526,1801)  (2526,1828)  (2416,1800)  (2416,1773)  (2443,1773)  (2551,1749)  (2471,1908)  (2444,1908)  (2552,1855)  (2525,1909)  (2498,1909)  (2417,1909)  (2470,1747)  (2497,1747)  (2524,1747)  (2553,1776)  (2553,1803)  (2389,1805)  (2389,1778)  (2396,1746)  (2423,1746)  (2390,1925)  (2551,1722)  (2578,1722)  (2578,1749)  (2471,1935)  (2444,1935)  (2579,1830)  (2525,1936)  (2498,1936)  (2417,1936)  (2472,1720)  (2499,1720)  (2580,1776)  (2580,1803) 
Shikoku  (6723,1531) 
West Borneo  (6176,2400)  (6149,2415)  (6149,2388)  (6202,2427)  (6176,2373)  (6203,2373)  (6203,2400)  (6175,2442)  (6218,2346)  (6230,2373)  (6191,2469) 
26 Sea Zone  (1005,1722)  (978,1748)  (978,1721)  (1031,1749)  (1005,1695)  (1032,1695)  (1032,1722)  (976,1694)  (1004,1775)  (977,1775)  (951,1748)  (951,1721)  (1058,1749)  (1058,1776)  (1031,1776)  (950,1776)  (1003,1668)  (1030,1668)  (1057,1668)  (1059,1695)  (1059,1722)  (949,1694)  (949,1667)  (976,1667)  (1084,1643)  (1004,1802)  (977,1802)  (924,1749)  (924,1722)  (1085,1749)  (1085,1776)  (1085,1803)  (1058,1803)  (1031,1803)  (923,1782)  (1003,1641)  (1030,1641)  (1057,1641)  (1086,1670)  (1086,1697)  (922,1695)  (922,1668)  (922,1641)  (949,1640)  (976,1640)  (1084,1616)  (1111,1616)  (1111,1643)  (1004,1829)  (897,1755)  (897,1728) 
7 Sea Zone  (1528,758)  (1501,784)  (1501,757)  (1554,785)  (1528,731)  (1555,731)  (1555,758)  (1499,730)  (1527,811)  (1500,811)  (1474,784)  (1581,785)  (1581,812)  (1554,812)  (1473,812)  (1526,704)  (1553,704)  (1580,704)  (1582,731)  (1582,758)  (1472,712)  (1499,703)  (1454,685)  (1607,679)  (1527,838)  (1500,838)  (1608,785)  (1608,812)  (1608,839)  (1581,839)  (1554,839)  (1473,839)  (1446,839)  (1446,812)  (1526,677)  (1553,677)  (1580,677)  (1609,706)  (1609,733)  (1481,676)  (1428,658)  (1607,652)  (1527,865)  (1500,865)  (1629,866)  (1602,866)  (1575,866)  (1473,866)  (1446,866)  (1419,866)  (1419,839) 
2 Sea Zone  (1396,347)  (1369,373)  (1369,346)  (1422,374)  (1396,320)  (1423,320)  (1423,347)  (1367,319)  (1395,400)  (1368,400)  (1342,373)  (1342,346)  (1449,374)  (1449,401)  (1422,401)  (1341,401)  (1394,293)  (1421,293)  (1448,293)  (1450,320)  (1450,347)  (1340,319)  (1340,292)  (1367,292)  (1475,268)  (1395,427)  (1368,427)  (1315,374)  (1315,347)  (1476,374)  (1476,401)  (1476,428)  (1449,428)  (1422,428)  (1341,428)  (1314,428)  (1314,401)  (1394,266)  (1421,266)  (1448,266)  (1477,295)  (1477,322)  (1313,320)  (1313,293)  (1313,266)  (1340,265)  (1367,265)  (1475,241)  (1502,241)  (1502,268)  (1395,454)  (1368,454)  (1288,374)  (1288,347) 
British Borneo  (6324,2302)  (6297,2328)  (6297,2301)  (6348,2329)  (6331,2275)  (6351,2302)  (6358,2265)  (6385,2247)  (6357,2238) 
Cape Town  (3369,3265) 
81 Sea Zone  (8602,1058)  (8575,1084)  (8575,1057)  (8628,1085)  (8602,1031)  (8629,1031)  (8629,1058)  (8573,1030)  (8601,1111)  (8574,1111)  (8548,1084)  (8548,1057)  (8655,1085)  (8655,1112)  (8628,1112)  (8547,1112)  (8600,1004)  (8627,1004)  (8654,1004)  (8656,1031)  (8656,1058)  (8546,1030)  (8546,1003)  (8573,1003)  (8681,979)  (8601,1138)  (8574,1138)  (8521,1085)  (8521,1058)  (8682,1085)  (8682,1112)  (8682,1139)  (8655,1139)  (8628,1139)  (8547,1139)  (8520,1139)  (8520,1112)  (8600,977)  (8627,977)  (8654,977)  (8683,1006)  (8683,1033)  (8519,1031)  (8519,1004)  (8519,977)  (8546,976)  (8573,976)  (8681,952)  (8708,952)  (8708,979)  (8601,1165)  (8574,1165)  (8494,1085)  (8494,1058) 
Davao  (6619,2223) 
Kirin  (6478,1141)  (6483,1168)  (6501,1114)  (6505,1141)  (6528,1091)  (6475,1195)  (6532,1118)  (6532,1145)  (6521,1064)  (6548,1064)  (6555,1091)  (6475,1222)  (6575,1044) 
Kiev  (3715,821)  (3688,822)  (3688,795)  (3741,848)  (3715,794)  (3742,802)  (3714,849)  (3661,809)  (3750,875)  (3708,767) 
S.Tunisia  (3082,1481)  (3096,1508)  (3069,1508)  (3087,1454)  (3114,1449)  (3141,1451) 
53 Sea Zone  (3758,1093)  (3731,1119)  (3731,1092)  (3784,1120)  (3758,1066)  (3785,1080)  (3729,1065)  (3757,1146)  (3730,1146)  (3811,1107)  (3703,1144)  (3732,1038) 
Odessa  (3718,962) 
Iceland  (2414,252)  (2387,274)  (2387,247)  (2425,279)  (2441,238)  (2468,230) 
Oman  (4515,1830)  (4541,1857)  (4514,1857)  (4512,1803)  (4539,1803)  (4542,1830)  (4487,1871)  (4566,1779)  (4514,1776)  (4569,1806)  (4460,1891)  (4493,1898)  (4541,1752)  (4568,1752)  (4593,1779)  (4595,1750)  (4433,1911) 
S.Buryat Mongolia  (5976,956)  (5949,982)  (5949,955)  (6002,983)  (5976,929)  (6003,929)  (6003,956)  (5975,1009)  (5948,1009)  (5922,982)  (6029,1007)  (6002,1010)  (5921,1010)  (5953,902)  (5980,902)  (6007,902)  (6034,898)  (5975,1036)  (5948,1036)  (6012,1037)  (5921,1037)  (5894,1037)  (5894,1010)  (5952,875)  (5979,875)  (6006,875)  (6033,871)  (6061,872)  (6061,899)  (5867,1036)  (5960,848) 
N.Sakhalin  (6805,788) 
Belgian Congo  (3542,2485)  (3515,2511)  (3515,2484)  (3568,2512)  (3542,2458)  (3569,2458)  (3569,2485)  (3513,2457)  (3541,2538)  (3514,2538)  (3488,2511)  (3488,2484)  (3595,2512)  (3595,2539)  (3568,2539)  (3487,2539)  (3540,2431)  (3567,2431)  (3594,2431)  (3596,2458)  (3596,2485)  (3486,2457)  (3486,2430)  (3513,2430)  (3621,2406)  (3541,2565)  (3514,2565)  (3461,2512)  (3461,2485)  (3622,2512)  (3622,2539)  (3622,2566)  (3595,2566)  (3568,2566)  (3487,2566)  (3460,2566)  (3460,2539)  (3540,2404)  (3567,2404)  (3594,2404)  (3623,2433)  (3623,2460)  (3459,2458)  (3459,2431)  (3459,2404)  (3486,2403)  (3513,2403)  (3621,2379)  (3648,2379)  (3648,2406)  (3541,2592)  (3514,2592)  (3434,2512)  (3434,2485) 
Nordland  (3305,316)  (3286,343)  (3351,250) 
103 Sea Zone  (7695,2104)  (7668,2130)  (7668,2103)  (7721,2131)  (7695,2077)  (7722,2077)  (7722,2104)  (7666,2076)  (7694,2157)  (7667,2157)  (7641,2130)  (7641,2103)  (7748,2131)  (7748,2158)  (7721,2158)  (7640,2158)  (7693,2050)  (7720,2050)  (7747,2050)  (7749,2077)  (7749,2104)  (7639,2076)  (7639,2049)  (7666,2049)  (7694,2184)  (7667,2184)  (7614,2131)  (7614,2104)  (7775,2131)  (7775,2158)  (7775,2185)  (7748,2185)  (7721,2185)  (7640,2185)  (7613,2185)  (7613,2158)  (7693,2023)  (7720,2023)  (7747,2023)  (7776,2053)  (7776,2080)  (7612,2077)  (7612,2050)  (7612,2023)  (7639,2022)  (7666,2022)  (7694,2211)  (7667,2211)  (7802,2107)  (7802,2134)  (7802,2161)  (7802,2188) 
Iwo Jima  (7018,1599) 
Kiska  (8134,322) 
Minamitori  (7346,1584) 
Ayan  (6352,642)  (6325,668)  (6325,641)  (6378,669)  (6352,615)  (6379,615)  (6379,642)  (6323,614)  (6351,695)  (6324,695)  (6298,668)  (6298,641)  (6405,669)  (6405,696)  (6378,696)  (6297,696)  (6350,588)  (6377,588)  (6404,588)  (6406,615)  (6406,642)  (6296,614)  (6311,587)  (6431,563)  (6351,722)  (6324,722)  (6271,669)  (6271,642)  (6432,669)  (6421,723)  (6394,723)  (6297,723)  (6270,712)  (6338,561)  (6365,561)  (6392,561)  (6433,590)  (6433,617)  (6269,615)  (6419,536)  (6446,536)  (6458,563)  (6367,749)  (6340,749)  (6409,750)  (6313,750)  (6286,750)  (6325,534)  (6352,534)  (6379,534)  (6460,590)  (6460,617) 
Midway  (8162,1574) 
Sikang  (5632,1483)  (5605,1501)  (5605,1474)  (5658,1510)  (5632,1456)  (5659,1456)  (5659,1483)  (5595,1447)  (5631,1528)  (5685,1510)  (5685,1537)  (5622,1429)  (5686,1462)  (5712,1527) 
Colombia  (694,2132)  (667,2158)  (667,2131)  (720,2159)  (694,2105)  (721,2105)  (721,2132)  (665,2104)  (693,2185)  (666,2185)  (640,2158)  (640,2131)  (747,2159)  (747,2186)  (720,2186)  (639,2186)  (692,2078)  (719,2078)  (748,2120)  (638,2104)  (638,2077)  (665,2077)  (774,2147)  (774,2174)  (774,2201)  (747,2213)  (720,2213)  (612,2188)  (692,2051)  (719,2051)  (781,2228)  (801,2145)  (801,2172)  (801,2199)  (752,2240)  (725,2240)  (704,2024)  (828,2153)  (828,2180)  (828,2207)  (855,2152)  (855,2179)  (855,2206)  (858,2233)  (879,2260)  (882,2157)  (882,2184)  (885,2211) 
Oslo  (3196,470)  (3169,496)  (3169,469)  (3222,497)  (3196,443)  (3223,443)  (3223,470)  (3167,442)  (3195,523)  (3168,523)  (3249,497)  (3194,416)  (3221,416)  (3248,416)  (3250,443)  (3250,470)  (3180,550)  (3218,389)  (3245,389) 
Keewatin  (529,95)  (502,121)  (502,94)  (555,122)  (529,68)  (556,68)  (556,95)  (500,67)  (528,148)  (501,148)  (475,121)  (475,94)  (582,122)  (582,149)  (555,149)  (474,149)  (527,41)  (554,41)  (581,41)  (583,68)  (583,95)  (473,67)  (473,40)  (500,40)  (608,16)  (528,175)  (501,175)  (448,122)  (448,95)  (609,122)  (609,149)  (609,176)  (582,176)  (555,176)  (474,176)  (447,176)  (447,149)  (527,14)  (554,14)  (581,14)  (610,43)  (610,70)  (446,68)  (446,41)  (446,14)  (473,13)  (500,13)  (635,3)  (528,202)  (501,202)  (421,122)  (421,95) 
S.Chile  (847,3439)  (868,3466)  (841,3466)  (835,3412)  (862,3412)  (874,3439)  (865,3493)  (838,3493)  (816,3385)  (843,3385)  (863,3520)  (836,3520)  (842,3358)  (863,3547)  (847,3331)  (870,3574)  (849,3304)  (876,3291)  (898,3594)  (871,3601)  (851,3264)  (925,3618)  (898,3621)  (849,3237)  (942,3645)  (915,3648)  (844,3210)  (950,3672)  (980,3673)  (849,3183)  (849,3156) 
Languedoc  (2923,1086)  (2896,1112)  (2896,1085)  (2947,1113)  (2923,1059)  (2950,1059)  (2950,1086)  (2894,1058)  (2869,1117)  (2891,1031) 
North Central USA  (308,953)  (281,979)  (281,952)  (334,980)  (308,926)  (335,926)  (335,953)  (279,925)  (307,1006)  (280,1006)  (254,979)  (254,952)  (361,980)  (361,1007)  (334,1007)  (253,1007)  (306,899)  (333,899)  (360,899)  (362,926)  (362,953)  (252,925)  (252,898)  (279,898)  (387,874)  (307,1033)  (280,1033)  (227,980)  (227,953)  (388,980)  (388,1007)  (388,1034)  (361,1034)  (334,1034)  (253,1034)  (226,1034)  (226,1007)  (306,872)  (333,872)  (360,872)  (389,901)  (389,928)  (225,926)  (225,899)  (225,872)  (252,871)  (279,871)  (387,847)  (414,847)  (307,1060)  (280,1060)  (200,980)  (200,953) 
Orleanais  (2912,969)  (2885,991)  (2885,964)  (2938,996)  (2883,937)  (2910,937) 
34 Sea Zone  (2288,1760)  (2261,1786)  (2261,1759)  (2314,1787)  (2288,1733)  (2315,1733)  (2315,1760)  (2259,1732)  (2287,1813)  (2260,1813)  (2234,1786)  (2234,1759)  (2341,1811)  (2314,1814)  (2233,1814)  (2286,1706)  (2313,1706)  (2340,1706)  (2342,1733)  (2232,1732)  (2232,1705)  (2259,1705)  (2359,1838)  (2367,1681)  (2287,1840)  (2260,1840)  (2332,1841)  (2233,1841)  (2286,1679)  (2313,1679)  (2340,1679)  (2211,1678)  (2238,1678)  (2361,1865)  (2367,1654)  (2394,1654)  (2394,1681)  (2305,1867)  (2278,1867)  (2334,1868)  (2251,1868)  (2224,1868)  (2265,1652)  (2292,1652)  (2319,1652)  (2211,1651)  (2238,1651)  (2346,1627)  (2373,1627)  (2400,1627)  (2307,1894)  (2280,1894) 
82 Sea Zone  (8971,1071)  (8944,1097)  (8944,1070)  (8997,1098)  (8971,1044)  (8998,1044)  (8998,1071)  (8942,1043)  (8970,1124)  (8943,1124)  (8917,1097)  (8917,1070)  (9024,1098)  (9024,1125)  (8997,1125)  (8916,1125)  (8969,1017)  (8996,1017)  (9023,1017)  (9025,1044)  (9025,1071)  (8915,1043)  (8915,1016)  (8942,1016)  (9050,992)  (8970,1151)  (8943,1151)  (8890,1098)  (8890,1071)  (9051,1098)  (9051,1125)  (9051,1152)  (9024,1152)  (8997,1152)  (8916,1152)  (8889,1152)  (8889,1125)  (8969,990)  (8996,990)  (9023,990)  (9052,1019)  (9052,1046)  (8888,1044)  (8888,1017)  (8888,990)  (8915,989)  (8942,989)  (9050,965)  (9077,965)  (9077,992)  (8970,1178)  (8943,1178)  (8863,1098)  (8863,1071) 
131 Sea Zone  (5452,2765)  (5425,2791)  (5425,2764)  (5478,2792)  (5452,2738)  (5479,2738)  (5479,2765)  (5423,2737)  (5451,2818)  (5424,2818)  (5398,2791)  (5398,2764)  (5505,2792)  (5505,2819)  (5478,2819)  (5397,2819)  (5450,2711)  (5477,2711)  (5504,2711)  (5506,2738)  (5506,2765)  (5396,2737)  (5396,2710)  (5423,2710)  (5531,2686)  (5451,2845)  (5424,2845)  (5371,2792)  (5371,2765)  (5532,2792)  (5532,2819)  (5532,2846)  (5505,2846)  (5478,2846)  (5397,2846)  (5370,2846)  (5370,2819)  (5450,2684)  (5477,2684)  (5504,2684)  (5533,2713)  (5533,2740)  (5369,2738)  (5369,2711)  (5369,2684)  (5396,2683)  (5423,2683)  (5531,2659)  (5558,2659)  (5558,2686)  (5451,2872)  (5424,2872)  (5344,2792)  (5344,2765) 
Nauru  (7757,2307) 
Suiyuan  (5914,1316)  (5887,1327)  (5887,1300)  (5941,1294)  (5941,1321)  (5960,1348)  (5987,1331) 
Lower Egypt  (3744,1601)  (3717,1612)  (3717,1585)  (3767,1574)  (3771,1601)  (3798,1623) 
119 Sea Zone  (286,2737)  (259,2763)  (259,2736)  (312,2764)  (286,2710)  (313,2710)  (313,2737)  (257,2709)  (285,2790)  (258,2790)  (232,2763)  (232,2736)  (339,2764)  (339,2791)  (312,2791)  (231,2791)  (284,2683)  (311,2683)  (338,2683)  (340,2710)  (340,2737)  (230,2709)  (230,2682)  (257,2682)  (365,2658)  (285,2817)  (258,2817)  (205,2764)  (205,2737)  (366,2764)  (366,2791)  (366,2818)  (339,2818)  (312,2818)  (231,2818)  (204,2818)  (204,2791)  (284,2656)  (311,2656)  (338,2656)  (367,2685)  (367,2712)  (203,2710)  (203,2683)  (203,2656)  (230,2655)  (257,2655)  (365,2631)  (392,2631)  (392,2658)  (285,2844)  (258,2844)  (178,2764)  (178,2737) 
Townsville  (7034,2844) 
W.Sinkiang  (5126,1320)  (5099,1346)  (5099,1319)  (5152,1347)  (5126,1293)  (5153,1293)  (5153,1320)  (5072,1359)  (5072,1332)  (5072,1305)  (5179,1347)  (5179,1374)  (5161,1266)  (5180,1293)  (5180,1320)  (5188,1258)  (5206,1347)  (5207,1285)  (5207,1312)  (5233,1339)  (5234,1283)  (5234,1310)  (5246,1366)  (5273,1362)  (5300,1367) 
New South Wales  (7057,3290)  (7030,3316)  (7030,3289)  (7083,3317)  (7057,3263)  (7084,3263)  (7084,3290)  (7028,3262)  (7056,3343)  (7029,3343)  (7003,3316)  (7003,3289)  (7110,3317)  (7110,3344)  (7083,3344)  (7002,3344)  (7055,3236)  (7082,3236)  (7109,3236)  (7111,3263)  (7111,3290)  (7001,3262)  (7001,3235)  (7028,3235)  (7136,3211)  (7056,3370)  (7029,3370)  (6976,3317)  (6976,3290)  (7137,3317)  (7137,3344)  (7117,3371)  (7090,3371)  (7002,3371)  (6975,3371)  (6975,3344)  (7055,3209)  (7082,3209)  (7109,3209)  (7138,3238)  (7138,3265)  (6974,3263)  (6974,3236)  (7013,3208)  (7136,3184)  (7163,3184)  (7163,3211)  (7063,3397)  (6949,3317)  (6949,3290)  (6949,3209) 
Christmas  (8763,2359) 
French Guiana  (1309,2177)  (1327,2204)  (1300,2204) 
107 Sea Zone  (6709,2257)  (6682,2283)  (6682,2256)  (6735,2284)  (6709,2230)  (6736,2230)  (6736,2257)  (6680,2229)  (6708,2310)  (6669,2310)  (6655,2283)  (6762,2284)  (6762,2311)  (6735,2311)  (6707,2203)  (6734,2203)  (6761,2203)  (6763,2230)  (6763,2257)  (6673,2202)  (6642,2323)  (6788,2178)  (6628,2296)  (6789,2284)  (6789,2311)  (6789,2338)  (6762,2338)  (6735,2338)  (6790,2205)  (6790,2232)  (6615,2332)  (6601,2305)  (6601,2278)  (6588,2353)  (6574,2326)  (6574,2299)  (6574,2272)  (6558,2245) 
12 Sea Zone  (3072,400)  (3045,426)  (3045,399)  (3098,427)  (3072,373)  (3099,373)  (3099,400)  (3043,372)  (3071,453)  (3044,453)  (3018,426)  (3018,399)  (3114,454)  (3017,454)  (3070,346)  (3097,346)  (3124,346)  (3126,373)  (3016,372)  (3016,345)  (3043,345)  (3151,321)  (3087,480)  (3060,480)  (3114,481)  (3033,481)  (3006,481)  (3070,319)  (3097,319)  (3124,319)  (3153,348)  (3153,375)  (3003,318)  (3030,318)  (3151,294)  (3178,294)  (3178,321)  (3087,507)  (3060,507)  (3033,508)  (3006,508)  (3057,292)  (3084,292)  (3111,292)  (3180,348)  (3003,291)  (3030,291)  (3205,289)  (3205,316)  (3207,343)  (3232,289)  (3232,316) 
1 Sea Zone  (838,376)  (811,402)  (811,375)  (864,403)  (838,349)  (865,349)  (865,376)  (809,348)  (837,429)  (810,429)  (784,402)  (784,375)  (891,403)  (891,430)  (864,430)  (783,430)  (836,322)  (863,322)  (890,322)  (892,349)  (892,376)  (782,348)  (782,321)  (809,321)  (917,297)  (837,456)  (810,456)  (757,403)  (757,376)  (918,403)  (918,430)  (918,457)  (891,457)  (864,457)  (783,457)  (756,457)  (756,430)  (836,295)  (863,295)  (890,295)  (919,324)  (919,351)  (755,349)  (755,322)  (784,294)  (750,295)  (917,270)  (944,270)  (944,297)  (837,483)  (810,483)  (730,403)  (730,376) 
79 Sea Zone  (8727,708)  (8700,734)  (8700,707)  (8753,735)  (8727,681)  (8754,681)  (8754,708)  (8698,680)  (8726,761)  (8699,761)  (8673,734)  (8673,707)  (8780,735)  (8780,762)  (8753,762)  (8672,762)  (8725,654)  (8752,654)  (8779,654)  (8781,681)  (8781,708)  (8671,680)  (8671,653)  (8698,653)  (8806,629)  (8726,788)  (8699,788)  (8646,735)  (8646,708)  (8807,735)  (8807,762)  (8807,789)  (8780,789)  (8753,789)  (8672,789)  (8645,789)  (8645,762)  (8725,627)  (8752,627)  (8779,627)  (8808,656)  (8808,683)  (8644,681)  (8644,654)  (8644,627)  (8671,626)  (8698,626)  (8806,602)  (8833,602)  (8833,629)  (8726,815)  (8699,815)  (8619,735)  (8619,708) 
N.Thailand  (5844,1921)  (5817,1947)  (5817,1920)  (5870,1948)  (5844,1894)  (5871,1894)  (5871,1921)  (5815,1893)  (5897,1948)  (5897,1975)  (5842,1867)  (5869,1867)  (5803,1866)  (5922,1921)  (5924,1948)  (5830,1840)  (5857,1840)  (5951,1947)  (5866,1813) 
Netherlands  (3060,777)  (3033,791)  (3080,748) 
Kusaie  (7555,2125) 
Kiangsi  (6271,1632)  (6244,1636)  (6297,1659)  (6298,1608)  (6368,1603) 
Alaska  (8934,92)  (8907,118)  (8907,91)  (8960,119)  (8934,65)  (8961,65)  (8961,92)  (8905,64)  (8933,145)  (8906,145)  (8880,118)  (8880,91)  (8987,119)  (8987,146)  (8960,146)  (8879,146)  (8932,38)  (8959,38)  (8986,38)  (8988,65)  (8988,92)  (8878,64)  (8878,37)  (8905,37)  (9013,13)  (8933,172)  (8906,172)  (8853,119)  (8853,92)  (9014,119)  (9014,146)  (9014,173)  (8987,173)  (8960,173)  (8852,168)  (8932,11)  (8959,11)  (8986,11)  (9015,40)  (9015,67)  (8851,65)  (8851,38)  (8851,11)  (8878,10)  (8905,10)  (9040,3)  (8933,199)  (8906,199)  (8826,97)  (9041,94)  (9041,121)  (9041,148)  (9041,175) 
Phoenix  (8427,2527) 
Spanish Guinea  (3190,2328) 
Quebec  (1137,659)  (1110,685)  (1110,658)  (1163,686)  (1137,632)  (1164,632)  (1164,659)  (1108,631)  (1136,712)  (1109,712)  (1083,685)  (1083,658)  (1190,686)  (1190,713)  (1163,713)  (1082,713)  (1135,605)  (1162,605)  (1189,605)  (1191,632)  (1191,659)  (1081,631)  (1081,604)  (1108,604)  (1216,580)  (1136,739)  (1109,739)  (1056,686)  (1056,659)  (1217,686)  (1217,713)  (1217,740)  (1190,740)  (1163,740)  (1082,740)  (1055,740)  (1055,713)  (1135,578)  (1162,578)  (1189,578)  (1218,607)  (1218,634)  (1054,632)  (1054,605)  (1054,578)  (1081,577)  (1108,577)  (1216,553)  (1243,553)  (1243,580)  (1136,766)  (1109,766)  (1029,686)  (1029,659) 
Andalusia  (2631,1309)  (2604,1305)  (2658,1305)  (2671,1332)  (2685,1305)  (2698,1332) 
Galicia  (2617,1090)  (2590,1101)  (2590,1074)  (2644,1078)  (2644,1105) 
Iturup  (7198,977) 
Anhwei  (6115,1486)  (6088,1465)  (6140,1513)  (6113,1513)  (6115,1459)  (6142,1460)  (6074,1438)  (6137,1540)  (6110,1540)  (6101,1432) 
25 Sea Zone  (414,1618)  (387,1644)  (387,1617)  (440,1645)  (414,1591)  (441,1591)  (441,1618)  (385,1590)  (379,1671)  (360,1644)  (360,1617)  (467,1645)  (467,1672)  (412,1564)  (439,1564)  (466,1564)  (468,1591)  (468,1618)  (358,1590)  (358,1563)  (385,1563)  (352,1679)  (493,1539)  (333,1652)  (333,1625)  (494,1645)  (494,1672)  (494,1699)  (467,1699)  (412,1537)  (439,1537)  (466,1537)  (495,1566)  (495,1593)  (331,1598)  (331,1571)  (331,1544)  (358,1536)  (385,1536)  (325,1688)  (312,1517)  (493,1512)  (520,1512)  (520,1539)  (306,1661)  (306,1634)  (521,1620)  (521,1647)  (521,1674)  (493,1726)  (466,1726)  (305,1717) 
66 Sea Zone  (5884,2600)  (5857,2626)  (5857,2599)  (5910,2627)  (5884,2573)  (5911,2573)  (5911,2600)  (5855,2572)  (5883,2653)  (5856,2653)  (5830,2626)  (5830,2599)  (5937,2627)  (5937,2654)  (5910,2654)  (5829,2654)  (5882,2546)  (5909,2546)  (5938,2555)  (5938,2582)  (5828,2572)  (5828,2545)  (5855,2545)  (5883,2680)  (5856,2680)  (5803,2627)  (5803,2600)  (5964,2609)  (5964,2636)  (5964,2663)  (5937,2681)  (5910,2681)  (5829,2681)  (5802,2681)  (5802,2654)  (5882,2519)  (5965,2580)  (5801,2573)  (5801,2546)  (5801,2519)  (5828,2518)  (5855,2518)  (5973,2690)  (5883,2707)  (5856,2707)  (5776,2627)  (5776,2600)  (5991,2607)  (5991,2634)  (5991,2661)  (5946,2708)  (5919,2708)  (5829,2708)  (5802,2708)  (5775,2708)  (5775,2681)  (5775,2654)  (5775,2492) 
122 Sea Zone  (7297,3597)  (7270,3623)  (7270,3596)  (7323,3624)  (7297,3570)  (7324,3570)  (7324,3597)  (7268,3569)  (7296,3650)  (7269,3650)  (7243,3623)  (7243,3596)  (7350,3624)  (7350,3651)  (7323,3651)  (7242,3651)  (7295,3543)  (7322,3543)  (7349,3543)  (7351,3570)  (7351,3597)  (7241,3569)  (7241,3542)  (7268,3542)  (7376,3518)  (7296,3677)  (7269,3677)  (7216,3624)  (7216,3597)  (7377,3624)  (7377,3651)  (7377,3678)  (7350,3678)  (7323,3678)  (7242,3678)  (7215,3678)  (7215,3651)  (7295,3516)  (7322,3516)  (7349,3516)  (7378,3545)  (7378,3572)  (7214,3570)  (7214,3543)  (7214,3516)  (7241,3515)  (7268,3515)  (7376,3491)  (7403,3491)  (7403,3518)  (7296,3704)  (7269,3704)  (7189,3624)  (7189,3597) 
C.Sinkiang  (5402,1157)  (5375,1183)  (5375,1156)  (5428,1184)  (5402,1130)  (5429,1130)  (5429,1157)  (5348,1192)  (5455,1184)  (5426,1211)  (5400,1103)  (5427,1103)  (5456,1109)  (5456,1136)  (5321,1207)  (5482,1163)  (5482,1190)  (5483,1123)  (5312,1246)  (5294,1219)  (5314,1273)  (5287,1273)  (5285,1246)  (5340,1300)  (5313,1300)  (5286,1300)  (5258,1246)  (5241,1219)  (5363,1327)  (5336,1327)  (5309,1327)  (5389,1354)  (5362,1354) 
South Gobi  (5819,1231)  (5792,1243)  (5792,1216)  (5846,1213)  (5846,1240)  (5780,1189)  (5873,1203)  (5873,1230)  (5900,1191) 
Ankara  (3845,1196)  (3818,1222)  (3818,1195)  (3866,1223)  (3845,1169)  (3872,1169)  (3872,1196)  (3816,1168)  (3899,1158)  (3899,1185)  (3926,1159)  (3926,1186) 
Mersa Matruh  (3604,1566)  (3577,1592)  (3630,1593)  (3582,1539)  (3609,1539)  (3631,1566)  (3657,1593) 
116 Sea Zone  (8274,2732)  (8247,2758)  (8247,2731)  (8300,2759)  (8274,2705)  (8301,2705)  (8301,2732)  (8245,2704)  (8273,2785)  (8246,2785)  (8220,2758)  (8220,2731)  (8327,2759)  (8327,2786)  (8300,2786)  (8219,2786)  (8272,2678)  (8299,2678)  (8326,2678)  (8328,2705)  (8328,2732)  (8218,2704)  (8218,2677)  (8245,2677)  (8353,2653)  (8273,2812)  (8246,2812)  (8193,2759)  (8193,2732)  (8354,2759)  (8354,2786)  (8354,2813)  (8327,2813)  (8300,2813)  (8219,2813)  (8192,2813)  (8192,2786)  (8272,2651)  (8299,2651)  (8326,2651)  (8355,2680)  (8355,2707)  (8191,2705)  (8191,2678)  (8191,2651)  (8218,2650)  (8245,2650)  (8353,2626)  (8380,2626)  (8380,2653)  (8273,2839)  (8246,2839)  (8166,2759)  (8166,2732) 
South Central USA  (376,1209)  (349,1235)  (349,1208)  (402,1236)  (376,1182)  (403,1182)  (403,1209)  (347,1181)  (375,1262)  (348,1262)  (322,1235)  (322,1208)  (429,1236)  (417,1263)  (321,1263)  (374,1155)  (401,1155)  (428,1155)  (430,1182)  (430,1209)  (320,1181)  (320,1154)  (347,1154)  (455,1130)  (390,1289)  (363,1289)  (295,1236)  (295,1209)  (456,1236)  (336,1290)  (309,1290)  (294,1263)  (374,1128)  (401,1128)  (428,1128)  (457,1157)  (457,1184)  (293,1182)  (293,1155)  (293,1128)  (320,1127)  (347,1127)  (282,1302)  (455,1103)  (482,1103)  (482,1130)  (371,1316)  (268,1236)  (268,1209)  (483,1211)  (344,1317)  (317,1317)  (267,1275) 
Bihar  (5321,1653)  (5294,1679)  (5294,1652)  (5347,1680)  (5321,1626)  (5348,1626)  (5348,1653)  (5292,1625)  (5267,1675)  (5374,1680)  (5368,1707)  (5341,1707)  (5319,1599)  (5346,1599)  (5373,1599)  (5375,1626)  (5375,1653)  (5265,1648)  (5265,1621)  (5292,1598)  (5401,1680)  (5402,1610)  (5402,1637)  (5429,1626) 
Tunis  (3131,1394) 
Chubu  (6830,1424)  (6803,1450)  (6803,1423)  (6856,1451)  (6857,1420)  (6884,1421) 
Angola  (3330,2727)  (3356,2754)  (3329,2754)  (3304,2700)  (3331,2700)  (3357,2727)  (3358,2699)  (3302,2757)  (3383,2754)  (3383,2781)  (3356,2781)  (3329,2781)  (3294,2673)  (3321,2673)  (3384,2726)  (3348,2672)  (3375,2672)  (3385,2699)  (3302,2784)  (3275,2790)  (3402,2655)  (3410,2753)  (3410,2780)  (3410,2807)  (3383,2808)  (3356,2808)  (3329,2808)  (3295,2646)  (3411,2726)  (3322,2645)  (3349,2645)  (3412,2682)  (3302,2811)  (3275,2817)  (3376,2628)  (3403,2628)  (3429,2655)  (3430,2627)  (3436,2834)  (3437,2753)  (3437,2780)  (3437,2807)  (3409,2835)  (3382,2835)  (3355,2835)  (3293,2619)  (3438,2709)  (3320,2618)  (3439,2682)  (3328,2838)  (3301,2844)  (3274,2844) 
Shantung  (6200,1410)  (6173,1427)  (6173,1400)  (6226,1437)  (6200,1383)  (6227,1383)  (6227,1410)  (6162,1373)  (6199,1454)  (6146,1420)  (6236,1464)  (6217,1356)  (6244,1356)  (6254,1383)  (6254,1410)  (6135,1356)  (6209,1481)  (6281,1365)  (6281,1392)  (6281,1419)  (6321,1346) 
29 Sea Zone  (2084,1388)  (2057,1414)  (2057,1387)  (2110,1415)  (2084,1361)  (2111,1361)  (2111,1388)  (2055,1360)  (2083,1441)  (2056,1441)  (2030,1414)  (2030,1387)  (2137,1415)  (2137,1442)  (2110,1442)  (2029,1442)  (2082,1334)  (2109,1334)  (2136,1334)  (2138,1361)  (2138,1388)  (2028,1360)  (2028,1333)  (2055,1333)  (2163,1309)  (2083,1468)  (2056,1468)  (2003,1415)  (2003,1388)  (2164,1415)  (2164,1442)  (2164,1469)  (2137,1469)  (2110,1469)  (2029,1469)  (2002,1469)  (2002,1442)  (2082,1307)  (2109,1307)  (2136,1307)  (2165,1336)  (2165,1363)  (2001,1361)  (2001,1334)  (2001,1307)  (2028,1306)  (2055,1306)  (2163,1282)  (2190,1282)  (2190,1309)  (2083,1495)  (2056,1495)  (1976,1415)  (1976,1388) 
Yaroslavl  (3856,569)  (3829,595)  (3829,568)  (3858,596)  (3856,542)  (3883,542)  (3828,541)  (3831,622)  (3858,623)  (3855,515)  (3828,514)  (3831,649)  (3855,488) 
New Caledonia  (7725,2976) 
Greece  (3563,1275)  (3536,1269)  (3588,1302)  (3563,1248)  (3606,1229)  (3582,1329) 
North New Zealand  (7762,3403)  (7735,3421)  (7772,3430)  (7736,3376)  (7763,3376)  (7789,3403)  (7745,3448)  (7751,3349)  (7816,3388) 
S.Saudi Arabia  (4231,1837)  (4204,1863)  (4204,1836)  (4257,1864)  (4231,1810)  (4258,1810)  (4258,1837)  (4202,1809)  (4230,1890)  (4203,1890)  (4177,1863)  (4177,1836)  (4284,1864)  (4269,1891)  (4176,1891)  (4229,1783)  (4256,1783)  (4283,1783)  (4285,1810)  (4285,1837)  (4175,1809)  (4310,1758)  (4150,1864)  (4150,1837)  (4311,1864)  (4149,1908)  (4224,1756)  (4251,1756)  (4278,1756)  (4312,1785)  (4312,1812)  (4148,1810)  (4305,1731)  (4123,1881)  (4123,1854)  (4338,1839)  (4338,1866)  (4122,1909)  (4240,1729)  (4267,1729)  (4339,1769)  (4339,1796)  (4121,1827)  (4121,1800)  (4352,1893)  (4305,1704)  (4096,1857)  (4365,1823)  (4365,1850)  (4366,1783)  (4094,1830) 
C.Chinghai  (5683,1391)  (5656,1386)  (5703,1418)  (5710,1370)  (5723,1343)  (5723,1316)  (5716,1289) 
Iraq  (4126,1459)  (4099,1485)  (4099,1458)  (4152,1486)  (4126,1432)  (4153,1432)  (4153,1459)  (4097,1431)  (4125,1512)  (4098,1512)  (4072,1485)  (4072,1458)  (4179,1486)  (4179,1513)  (4152,1513)  (4124,1405)  (4151,1405)  (4180,1422)  (4180,1449)  (4070,1431)  (4083,1404)  (4206,1481)  (4206,1508)  (4206,1535)  (4179,1540)  (4110,1378)  (4137,1378)  (4164,1378)  (4228,1562)  (4233,1500)  (4233,1527)  (4101,1351)  (4128,1351)  (4245,1589)  (4113,1324) 
Kufra  (3448,1682)  (3421,1708)  (3421,1681)  (3474,1709)  (3448,1655)  (3475,1655)  (3475,1682)  (3419,1654)  (3447,1735)  (3420,1735)  (3394,1681)  (3501,1709)  (3501,1736)  (3474,1736)  (3502,1629)  (3502,1656)  (3392,1654)  (3528,1683)  (3528,1760)  (3529,1629)  (3529,1656) 
Istanbul  (3683,1188) 
Mysore  (5170,2103)  (5143,2117)  (5143,2090)  (5196,2130)  (5170,2076)  (5197,2076)  (5197,2103)  (5129,2063)  (5169,2144)  (5156,2049)  (5183,2049)  (5224,2072)  (5112,2036)  (5171,2171) 
Catalonia  (2850,1190)  (2823,1216)  (2864,1163)  (2877,1190)  (2904,1173) 
57 Sea Zone  (4004,1861)  (3977,1859)  (4030,1888)  (4031,1858)  (3974,1832)  (4001,1832)  (4057,1885)  (4057,1912)  (4030,1915)  (3960,1805)  (4081,1939)  (4054,1942)  (3950,1778)  (3977,1778)  (4100,1966)  (4073,1969)  (3924,1751)  (3951,1751)  (4107,1993)  (3912,1724)  (3895,1697)  (3878,1670)  (3858,1643) 
98 Sea Zone  (8801,2109)  (8774,2135)  (8774,2108)  (8827,2136)  (8801,2082)  (8828,2082)  (8828,2109)  (8772,2081)  (8800,2162)  (8773,2162)  (8747,2135)  (8747,2108)  (8854,2136)  (8854,2163)  (8827,2163)  (8746,2163)  (8799,2055)  (8826,2055)  (8853,2055)  (8855,2082)  (8855,2109)  (8745,2081)  (8745,2054)  (8772,2054)  (8880,2030)  (8800,2189)  (8773,2189)  (8720,2136)  (8720,2109)  (8881,2136)  (8881,2163)  (8881,2190)  (8854,2190)  (8827,2190)  (8746,2190)  (8719,2190)  (8719,2163)  (8799,2028)  (8826,2028)  (8853,2028)  (8882,2057)  (8882,2084)  (8718,2082)  (8718,2055)  (8718,2028)  (8745,2027)  (8772,2027)  (8880,2003)  (8907,2003)  (8907,2030)  (8800,2216)  (8773,2216)  (8693,2136)  (8693,2109) 
Belgium  (3027,833) 
Perm  (4544,383)  (4517,409)  (4517,382)  (4570,410)  (4544,356)  (4571,356)  (4571,383)  (4515,355)  (4543,436)  (4516,436)  (4490,409)  (4490,382)  (4597,410)  (4597,437)  (4570,437)  (4489,437)  (4542,329)  (4569,329)  (4596,329)  (4598,356)  (4598,383)  (4488,355)  (4488,328)  (4515,328)  (4623,304)  (4543,463)  (4516,463)  (4463,410)  (4463,383)  (4624,410)  (4624,437)  (4624,464)  (4597,464)  (4570,464)  (4489,464)  (4462,464)  (4462,437)  (4542,302)  (4569,302)  (4596,302)  (4625,331)  (4625,358)  (4461,356)  (4461,329)  (4461,302)  (4488,301)  (4515,301)  (4623,277)  (4650,277)  (4650,304)  (4543,490)  (4516,490)  (4436,410)  (4436,383) 
Bursa  (3731,1225)  (3704,1250)  (3745,1198)  (3772,1193) 
South New Zealand  (7521,3622)  (7494,3648)  (7494,3621)  (7533,3649)  (7526,3595)  (7548,3622)  (7553,3590)  (7506,3675)  (7479,3675)  (7467,3648)  (7573,3563)  (7580,3590)  (7452,3690)  (7600,3543)  (7497,3702)  (7440,3663)  (7613,3516)  (7627,3543)  (7640,3506) 
South Africa  (3538,3216)  (3511,3242)  (3511,3215)  (3564,3243)  (3538,3189)  (3565,3189)  (3565,3216)  (3509,3188)  (3537,3269)  (3510,3269)  (3484,3242)  (3484,3215)  (3591,3243)  (3591,3270)  (3564,3270)  (3483,3270)  (3536,3162)  (3563,3162)  (3590,3162)  (3592,3189)  (3592,3216)  (3482,3188)  (3482,3161)  (3509,3161)  (3617,3137)  (3537,3296)  (3510,3296)  (3457,3243)  (3457,3216)  (3618,3243)  (3618,3270)  (3618,3297)  (3591,3297)  (3564,3297)  (3483,3297)  (3456,3297)  (3456,3270)  (3619,3164)  (3619,3191)  (3455,3189)  (3455,3162)  (3455,3135)  (3596,3110)  (3623,3110)  (3644,3137)  (3537,3323)  (3510,3323)  (3430,3243)  (3430,3216)  (3645,3218)  (3645,3245)  (3645,3272)  (3645,3299) 
Pomerania  (3321,748)  (3294,750)  (3348,737) 
New Georgia  (7615,2650) 
Jamaica  (729,1852)  (756,1859) 
Amazon  (1101,2425)  (1074,2451)  (1074,2424)  (1127,2452)  (1101,2398)  (1128,2398)  (1128,2425)  (1072,2397)  (1100,2478)  (1073,2478)  (1047,2451)  (1047,2424)  (1154,2452)  (1154,2479)  (1127,2479)  (1046,2479)  (1099,2371)  (1126,2371)  (1153,2371)  (1155,2398)  (1155,2425)  (1045,2397)  (1045,2370)  (1072,2370)  (1180,2346)  (1100,2505)  (1073,2505)  (1020,2452)  (1020,2425)  (1181,2452)  (1181,2479)  (1181,2506)  (1154,2506)  (1127,2506)  (1046,2506)  (1019,2506)  (1019,2479)  (1099,2344)  (1126,2344)  (1153,2344)  (1182,2373)  (1182,2400)  (1018,2398)  (1018,2371)  (1018,2344)  (1045,2343)  (1072,2343)  (1180,2319)  (1207,2319)  (1207,2346)  (1100,2532)  (1073,2532)  (993,2452)  (993,2425) 
Peru  (655,2386)  (628,2412)  (628,2385)  (681,2413)  (655,2359)  (682,2359)  (682,2386)  (626,2358)  (654,2439)  (627,2439)  (601,2412)  (601,2385)  (708,2413)  (708,2440)  (681,2440)  (653,2332)  (680,2332)  (707,2332)  (709,2359)  (709,2386)  (599,2358)  (599,2331)  (626,2331)  (734,2307)  (654,2466)  (627,2466)  (574,2401)  (735,2420)  (735,2447)  (708,2467)  (681,2467)  (653,2305)  (680,2305)  (707,2305)  (736,2334)  (736,2361)  (572,2374)  (572,2347)  (572,2320)  (599,2304)  (626,2304)  (742,2474)  (568,2293)  (761,2293)  (654,2493)  (762,2436)  (715,2494)  (688,2494)  (653,2278)  (680,2278)  (763,2320) 
Shensi  (5901,1449)  (5874,1474)  (5927,1476)  (5887,1422)  (5914,1422)  (5928,1449)  (5941,1409)  (5897,1395)  (5924,1382) 
Tanimbar  (6698,2508) 
Tangier  (2632,1408) 
67 Sea Zone  (6330,2815)  (6303,2841)  (6303,2814)  (6356,2842)  (6330,2788)  (6357,2788)  (6357,2815)  (6301,2787)  (6329,2868)  (6302,2868)  (6276,2841)  (6276,2814)  (6383,2842)  (6383,2869)  (6356,2869)  (6275,2869)  (6328,2761)  (6355,2761)  (6382,2761)  (6384,2788)  (6384,2815)  (6274,2787)  (6274,2760)  (6301,2760)  (6409,2739)  (6329,2895)  (6302,2895)  (6249,2842)  (6249,2815)  (6410,2842)  (6365,2896)  (6275,2896)  (6248,2896)  (6248,2869)  (6411,2766)  (6411,2793)  (6247,2788)  (6247,2761)  (6436,2739)  (6222,2842)  (6222,2815)  (6437,2820)  (6276,2923)  (6249,2923)  (6222,2923)  (6221,2896)  (6221,2869)  (6438,2766)  (6438,2793)  (6220,2788)  (6220,2761) 
Vancouver  (9397,516) 
W.Morocco  (2608,1497)  (2581,1510)  (2634,1524)  (2602,1470)  (2629,1470)  (2635,1497)  (2607,1537)  (2580,1551)  (2622,1443) 
Kwangtung  (6196,1726)  (6169,1752)  (6169,1725)  (6210,1699)  (6223,1726)  (6237,1685) 
Gorky  (4006,513)  (3979,539)  (3979,512)  (4032,540)  (4006,486)  (4033,486)  (4033,513)  (3977,485)  (4005,566)  (3978,566)  (3952,539)  (3952,512)  (4059,540)  (4059,567)  (4032,567)  (3951,567)  (4004,459)  (4031,459)  (4058,459)  (4060,486)  (4060,513)  (3950,485)  (3950,458)  (3977,458)  (4085,451)  (4005,593)  (3978,593)  (4086,540)  (4086,567)  (4086,594)  (4059,594)  (4032,594)  (4004,432)  (4031,432)  (4058,432)  (4087,478)  (4087,505)  (3923,501)  (3923,474)  (3947,431)  (3974,431)  (4113,532)  (4113,559)  (4113,586)  (4015,405)  (4042,405)  (4114,479)  (4140,506)  (4140,533)  (4140,560)  (4167,518)  (4167,545) 
Hong Kong  (6284,1730) 
Erzurum  (4031,1174)  (4004,1197)  (4004,1170)  (4057,1201)  (4031,1147)  (4058,1151)  (3999,1143)  (3977,1188)  (4084,1178)  (4084,1205)  (3972,1161) 
Yeniseysk  (5602,421)  (5575,447)  (5575,420)  (5628,448)  (5602,394)  (5629,394)  (5629,421)  (5573,393)  (5601,474)  (5574,474)  (5548,447)  (5548,420)  (5655,448)  (5655,475)  (5628,475)  (5547,475)  (5600,367)  (5627,367)  (5654,367)  (5656,394)  (5656,421)  (5546,393)  (5546,366)  (5573,366)  (5681,342)  (5601,501)  (5574,501)  (5521,448)  (5521,421)  (5682,448)  (5682,475)  (5648,502)  (5547,502)  (5520,502)  (5520,475)  (5600,340)  (5627,340)  (5654,340)  (5683,369)  (5683,396)  (5519,394)  (5519,367)  (5519,340)  (5546,339)  (5573,339)  (5681,315)  (5708,315)  (5708,342)  (5621,528)  (5594,528)  (5494,448)  (5494,421) 
Arkhangelsk  (3983,213)  (3956,239)  (3956,212)  (4009,240)  (3983,186)  (4010,186)  (4010,213)  (3954,185)  (3982,266)  (3955,266)  (3929,239)  (3929,212)  (4036,240)  (4036,267)  (4009,267)  (3928,267)  (3981,159)  (4008,159)  (4035,159)  (4037,186)  (4037,213)  (4062,134)  (3982,293)  (3955,293)  (3902,240)  (3902,213)  (4063,240)  (3928,294)  (3901,294)  (3901,267)  (3962,132)  (3989,132)  (4016,132)  (4064,161)  (4064,188)  (3886,130)  (3880,169)  (4043,107)  (4070,107)  (4089,134)  (3875,240)  (4090,215)  (3874,316)  (3874,289)  (3981,105)  (4008,105)  (4091,161)  (4091,188)  (4097,99)  (4035,80)  (4062,80)  (4116,126) 
40 Sea Zone  (2909,3373)  (2882,3399)  (2882,3372)  (2935,3400)  (2909,3346)  (2936,3346)  (2936,3373)  (2880,3345)  (2908,3426)  (2881,3426)  (2855,3399)  (2855,3372)  (2962,3400)  (2962,3427)  (2935,3427)  (2854,3427)  (2907,3319)  (2934,3319)  (2961,3319)  (2963,3346)  (2963,3373)  (2853,3345)  (2853,3318)  (2880,3318)  (2988,3294)  (2908,3453)  (2881,3453)  (2828,3400)  (2828,3373)  (2989,3400)  (2989,3427)  (2989,3454)  (2962,3454)  (2935,3454)  (2854,3454)  (2827,3454)  (2827,3427)  (2907,3292)  (2934,3292)  (2961,3292)  (2990,3321)  (2990,3348)  (2826,3346)  (2826,3319)  (2826,3292)  (2853,3291)  (2880,3291)  (2988,3267)  (3015,3267)  (3015,3294)  (2908,3480)  (2881,3480)  (2801,3400)  (2801,3373) 
Southwest USA  (9609,1175)  (9582,1201)  (9582,1174)  (9635,1202)  (9609,1148)  (9636,1148)  (9636,1175)  (9580,1147)  (9608,1228)  (9581,1228)  (9555,1201)  (9555,1174)  (9662,1202)  (9662,1229)  (9635,1229)  (9554,1229)  (9607,1121)  (9634,1121)  (9661,1121)  (9663,1148)  (9663,1175)  (9553,1147)  (9553,1120)  (9580,1120)  (9688,1096)  (9608,1255)  (9581,1255)  (9528,1202)  (9528,1175)  (9689,1202)  (9689,1229)  (9689,1256)  (9662,1256)  (9635,1256)  (9554,1256)  (9527,1235)  (9607,1094)  (9634,1094)  (9661,1094)  (9690,1123)  (9690,1150)  (9526,1148)  (9526,1121)  (9526,1094)  (9553,1093)  (9580,1093)  (9688,1069)  (9715,1069)  (9715,1096)  (9501,1208)  (9501,1181) 
Aquitaine  (2840,1056)  (2833,1083)  (2850,1029) 
Ponape  (7347,2236) 
39 Sea Zone  (992,3548)  (992,3725)  (992,3752)  (992,3779)  (999,3403)  (1004,3575)  (1015,3647)  (1019,3531)  (1019,3725)  (1019,3752)  (1019,3779)  (1021,3614)  (1026,3404)  (1029,3502)  (1031,3558)  (1031,3585)  (1041,3431)  (1042,3641)  (1042,3668)  (1043,3474)  (1046,3529)  (1046,3717)  (1046,3744)  (1046,3771)  (1048,3612)  (1053,3264)  (1053,3403)  (1056,3501)  (1058,3376)  (1058,3556)  (1058,3583)  (1068,3430)  (1069,3639)  (1069,3666)  (1070,3457)  (1073,3331)  (1073,3528)  (1073,3705)  (1073,3732)  (1073,3759)  (1075,3610)  (1080,3263)  (1080,3403)  (1083,3484)  (1085,3358)  (1085,3555)  (1085,3582)  (1095,3430)  (1096,3637)  (1096,3664)  (1097,3457) 
E.Iran  (4545,1486)  (4518,1512)  (4518,1485)  (4571,1513)  (4545,1459)  (4572,1459)  (4572,1486)  (4516,1458)  (4544,1539)  (4517,1539)  (4491,1512)  (4491,1485)  (4598,1513)  (4598,1540)  (4571,1540)  (4490,1540)  (4543,1432)  (4570,1432)  (4597,1432)  (4599,1459)  (4599,1486)  (4489,1458)  (4489,1431)  (4516,1431)  (4624,1407)  (4544,1566)  (4517,1566)  (4625,1513)  (4625,1540)  (4625,1567)  (4598,1567)  (4571,1567)  (4490,1567)  (4463,1567)  (4463,1540)  (4543,1405)  (4570,1405)  (4597,1405)  (4626,1434)  (4626,1461)  (4472,1404)  (4499,1404)  (4624,1380)  (4651,1382)  (4544,1593)  (4517,1593)  (4652,1488)  (4652,1556)  (4652,1583)  (4625,1594)  (4598,1594)  (4571,1594)  (4490,1594)  (4463,1594)  (4436,1594)  (4436,1567)  (4436,1540) 
Izmir  (3764,1293)  (3737,1316)  (3737,1289)  (3765,1266)  (3791,1293)  (3710,1301)  (3818,1273)  (3831,1300) 
Northwest USA  (9637,869)  (9610,895)  (9610,868)  (9663,896)  (9637,842)  (9664,842)  (9664,869)  (9608,841)  (9636,922)  (9609,922)  (9583,895)  (9583,868)  (9690,896)  (9690,923)  (9663,923)  (9582,923)  (9635,815)  (9662,815)  (9689,815)  (9691,842)  (9691,869)  (9581,841)  (9581,814)  (9608,814)  (9716,790)  (9636,949)  (9609,949)  (9556,896)  (9556,869)  (9717,896)  (9717,923)  (9717,950)  (9690,950)  (9663,950)  (9582,950)  (9555,950)  (9555,923)  (9635,788)  (9662,788)  (9689,788)  (9718,817)  (9718,844)  (9554,842)  (9554,815)  (9554,788)  (9581,787)  (9608,787)  (9716,763)  (9743,763)  (9743,790)  (9636,976)  (9609,976)  (9529,896)  (9529,869) 
95 Sea Zone  (7562,1671)  (7535,1697)  (7535,1670)  (7588,1698)  (7562,1644)  (7589,1644)  (7589,1671)  (7533,1643)  (7561,1724)  (7534,1724)  (7508,1697)  (7508,1670)  (7615,1698)  (7615,1725)  (7588,1725)  (7507,1725)  (7560,1617)  (7587,1617)  (7614,1617)  (7616,1644)  (7616,1671)  (7506,1643)  (7506,1616)  (7533,1616)  (7641,1592)  (7561,1751)  (7534,1751)  (7481,1698)  (7481,1671)  (7642,1698)  (7642,1725)  (7642,1752)  (7615,1752)  (7588,1752)  (7507,1752)  (7480,1752)  (7480,1725)  (7560,1590)  (7587,1590)  (7614,1590)  (7643,1619)  (7643,1646)  (7479,1644)  (7479,1617)  (7479,1590)  (7506,1589)  (7533,1589)  (7641,1565)  (7668,1565)  (7668,1592)  (7454,1698)  (7454,1671) 
Croatia  (3379,1094)  (3352,1108)  (3352,1081)  (3405,1121)  (3406,1072)  (3338,1054)  (3378,1135)  (3432,1099)  (3433,1072)  (3460,1053)  (3460,1080)  (3487,1072) 
S.French Indochina  (6010,2044)  (5983,2070)  (5983,2043)  (6036,2071)  (6010,2017)  (6037,2017)  (6037,2044)  (5981,2016)  (6009,2097)  (5982,2097)  (5956,2070)  (5956,2043)  (6063,2071)  (6042,2098)  (6008,1990)  (6035,1990)  (6062,1990)  (6064,2017)  (6064,2044)  (5954,2016)  (6089,1977)  (6015,2124)  (6090,2071)  (6002,1963)  (6029,1963)  (6056,1963)  (6091,2004)  (6091,2031)  (6022,1936)  (6049,1936) 
Murmansk  (3678,229)  (3651,254)  (3651,227)  (3704,256)  (3678,202)  (3705,211)  (3648,200)  (3624,253)  (3731,238)  (3758,218)  (3758,245) 
Yuennan  (5930,1663)  (5903,1682)  (5903,1655)  (5956,1690)  (5930,1636)  (5957,1636)  (5957,1663)  (5897,1628)  (5929,1709)  (5984,1615)  (5984,1642)  (5870,1651)  (5929,1736)  (6011,1619)  (6011,1646)  (6038,1624) 
Sardinia  (3129,1254) 
Burgundy  (3022,981)  (2995,987)  (3037,1008)  (3015,954)  (3010,1014) 
Rongelap  (7697,1900) 
French Equatorial Africa  (3387,2137)  (3360,2163)  (3360,2136)  (3413,2164)  (3387,2110)  (3414,2110)  (3414,2137)  (3358,2109)  (3386,2190)  (3359,2190)  (3333,2163)  (3333,2136)  (3440,2164)  (3440,2191)  (3413,2191)  (3332,2191)  (3385,2083)  (3412,2083)  (3439,2083)  (3441,2110)  (3441,2137)  (3331,2109)  (3331,2082)  (3358,2082)  (3466,2058)  (3386,2217)  (3359,2217)  (3306,2164)  (3306,2137)  (3467,2164)  (3467,2191)  (3467,2218)  (3440,2218)  (3413,2218)  (3332,2218)  (3305,2218)  (3305,2191)  (3385,2056)  (3412,2056)  (3439,2056)  (3468,2085)  (3468,2112)  (3304,2110)  (3304,2083)  (3304,2056)  (3331,2055)  (3358,2055)  (3466,2031)  (3493,2031)  (3493,2058)  (3386,2244)  (3359,2244)  (3279,2164)  (3279,2137) 
Kuybyshev  (4362,649)  (4335,675)  (4335,648)  (4388,676)  (4362,622)  (4389,622)  (4389,649)  (4333,621)  (4361,702)  (4334,702)  (4308,675)  (4308,648)  (4415,676)  (4415,703)  (4388,703)  (4307,703)  (4360,595)  (4387,595)  (4414,595)  (4416,622)  (4416,649)  (4306,621)  (4306,594)  (4333,594)  (4441,570)  (4361,729)  (4334,729)  (4281,676)  (4281,649)  (4442,676)  (4442,703)  (4442,730)  (4415,730)  (4388,730)  (4360,568)  (4387,568)  (4414,568)  (4443,597)  (4443,624)  (4279,622)  (4279,595)  (4279,568)  (4306,567)  (4333,567)  (4468,551)  (4361,756)  (4334,756)  (4254,688)  (4254,661)  (4469,651)  (4469,678)  (4469,705)  (4469,732) 
Vologda  (3894,397)  (3867,423)  (3867,396)  (3900,424)  (3894,370)  (3921,370)  (3865,369)  (3948,350)  (3948,377)  (3975,337)  (3975,364) 
Venezuela  (933,2091)  (906,2112)  (906,2085)  (959,2118)  (933,2064)  (960,2064)  (960,2091)  (899,2058)  (932,2139)  (879,2112)  (879,2085)  (986,2118)  (986,2145)  (959,2145)  (926,2037)  (953,2037)  (987,2043)  (987,2070)  (872,2058)  (872,2031)  (899,2031)  (852,2112)  (852,2085)  (1013,2097)  (1013,2124)  (1013,2151)  (986,2172)  (959,2172)  (1014,2038)  (1014,2065)  (1019,2178)  (845,2058)  (845,2031)  (845,2004)  (872,2004)  (825,2112)  (825,2085)  (1040,2092)  (1040,2119)  (1040,2146)  (992,2199)  (965,2199)  (1041,2026)  (1041,2053)  (818,2058)  (798,2103)  (1067,2080)  (1067,2107)  (1067,2134)  (1067,2161)  (1017,2226)  (990,2226)  (963,2226) 
Liberia  (2591,2233)  (2618,2224)  (2618,2251)  (2645,2250) 
E.Suiyuan  (6056,1282)  (6029,1303)  (6029,1276)  (6082,1309)  (6056,1255)  (6083,1255)  (6083,1282)  (6002,1294)  (6110,1274) 
East Gobi  (5985,1164)  (6011,1191)  (5984,1191)  (5959,1137)  (5986,1137)  (6012,1164)  (6013,1136)  (5957,1214)  (6011,1218)  (5984,1218)  (5958,1110)  (5985,1110)  (6012,1109)  (5930,1230)  (5957,1241)  (5980,1083)  (6019,1082)  (5930,1257) 
Rajputana  (5089,1791)  (5062,1798)  (5062,1771)  (5115,1818)  (5089,1764)  (5116,1764)  (5116,1791)  (5041,1744)  (5035,1798)  (5035,1771)  (5142,1818)  (5142,1845)  (5115,1845)  (5068,1737)  (5095,1737)  (5122,1737)  (5143,1764)  (5143,1791)  (5149,1731)  (5021,1717)  (5130,1872)  (5103,1872)  (5048,1710)  (5075,1710)  (5102,1710)  (5129,1704)  (5156,1704)  (5134,1899)  (5107,1899)  (5079,1683)  (5080,1902)  (5106,1677)  (5133,1677)  (5053,1908)  (5144,1926)  (5117,1926)  (5090,1929)  (5087,1650)  (5114,1650)  (5141,1650)  (5063,1935)  (5147,1953)  (5120,1953)  (5093,1956)  (5145,1980)  (5118,1983)  (5091,1983) 
Queensland  (7174,3000)  (7147,3026)  (7147,2999)  (7200,3027)  (7174,2973)  (7201,2973)  (7201,3000)  (7145,2972)  (7173,3053)  (7146,3053)  (7120,3026)  (7120,2999)  (7227,3027)  (7227,3054)  (7200,3054)  (7172,2946)  (7199,2946)  (7226,2946)  (7228,2973)  (7228,3000)  (7118,2972)  (7118,2945)  (7145,2945)  (7253,2934)  (7173,3080)  (7254,3027)  (7254,3054)  (7254,3081)  (7227,3081)  (7200,3081)  (7172,2919)  (7199,2919)  (7255,2961)  (7255,2988)  (7091,2992)  (7091,2965)  (7091,2938)  (7118,2918)  (7145,2918)  (7084,2911)  (7281,3015)  (7281,3042)  (7281,3069)  (7281,3096)  (7254,3108)  (7227,3108)  (7172,2892)  (7199,2892)  (7064,2940)  (7111,2891)  (7138,2891) 
Sahara  (2980,1668)  (2953,1694)  (2953,1667)  (3006,1695)  (2980,1641)  (3007,1641)  (3007,1668)  (2951,1640)  (2979,1721)  (2952,1721)  (2926,1694)  (2926,1667)  (3033,1695)  (3033,1722)  (3006,1722)  (2978,1614)  (3005,1614)  (3032,1614)  (3034,1641)  (3034,1668)  (2924,1640)  (2924,1613)  (2951,1613)  (3059,1589)  (2979,1748)  (2899,1705)  (2899,1678)  (3060,1695)  (3060,1722)  (3060,1749)  (3033,1749)  (3006,1749)  (2978,1587)  (3005,1587)  (3032,1587)  (3061,1616)  (3061,1643)  (2897,1651)  (2897,1624)  (2897,1597)  (2924,1586)  (2951,1586)  (2881,1570)  (3086,1572)  (2872,1693)  (3087,1670)  (3087,1697)  (3087,1724)  (3087,1751)  (3088,1599)  (3088,1626) 
Umnak  (8516,245)  (8543,227) 
130 Sea Zone  (5539,2097)  (5512,2123)  (5512,2096)  (5565,2124)  (5539,2070)  (5566,2070)  (5566,2097)  (5510,2069)  (5538,2150)  (5511,2150)  (5586,2151) 
Eniwetok  (7551,1904) 
Celebes  (6474,2447)  (6447,2473)  (6475,2420)  (6506,2507)  (6496,2375)  (6446,2535) 
Vladivostok  (6636,994)  (6662,1021)  (6635,1021)  (6614,967)  (6641,967)  (6663,994)  (6668,962)  (6662,1048)  (6635,1048)  (6630,940)  (6657,935)  (6645,1075)  (6618,1075)  (6632,908)  (6659,908)  (6640,1102)  (6613,1102)  (6615,881)  (6642,881)  (6627,1129)  (6600,1129)  (6616,854)  (6643,854)  (6607,1156)  (6628,827) 
N.Algeria  (2923,1404)  (2896,1427)  (2896,1400)  (2935,1431)  (2923,1377)  (2950,1377)  (2950,1404)  (2891,1373)  (2869,1430)  (2869,1403)  (2977,1362)  (2977,1389)  (2977,1416)  (2842,1436)  (2842,1409)  (3004,1393) 
Sibirsky  (5809,453) 
Canadian Prairies  (331,394)  (304,420)  (304,393)  (357,421)  (331,367)  (358,367)  (358,394)  (302,366)  (330,447)  (303,447)  (277,420)  (277,393)  (384,421)  (384,448)  (357,448)  (276,448)  (329,340)  (356,340)  (383,340)  (385,367)  (385,394)  (275,366)  (275,339)  (302,339)  (410,315)  (330,474)  (303,474)  (250,421)  (250,394)  (411,421)  (411,448)  (411,475)  (384,475)  (357,475)  (276,475)  (249,475)  (249,448)  (329,313)  (356,313)  (383,313)  (412,342)  (412,369)  (248,367)  (248,340)  (248,313)  (275,312)  (302,312)  (410,288)  (437,288)  (437,315)  (330,501)  (303,501)  (223,421)  (223,394) 
59 Sea Zone  (4886,1974)  (4859,2000)  (4859,1973)  (4912,2001)  (4886,1947)  (4913,1947)  (4913,1974)  (4857,1946)  (4885,2027)  (4858,2027)  (4832,2000)  (4832,1973)  (4939,2001)  (4939,2028)  (4912,2028)  (4831,2028)  (4884,1920)  (4911,1920)  (4938,1920)  (4940,1947)  (4940,1974)  (4830,1946)  (4830,1919)  (4857,1919)  (4965,1895)  (4885,2054)  (4858,2054)  (4805,2001)  (4805,1974)  (4966,2001)  (4966,2028)  (4966,2055)  (4939,2055)  (4912,2055)  (4831,2055)  (4804,2055)  (4804,2028)  (4884,1893)  (4911,1893)  (4938,1893)  (4967,1922)  (4967,1949)  (4803,1947)  (4803,1920)  (4803,1893)  (4830,1892)  (4857,1892)  (4965,1868)  (4992,1881)  (4885,2081)  (4858,2081)  (4778,2001)  (4778,1974) 
Austria  (3291,975)  (3264,1001)  (3264,974)  (3318,961)  (3318,988)  (3267,947) 
Mindoro  (6472,2075) 
W.Qinghai  (5597,1274)  (5613,1301)  (5586,1301)  (5582,1247)  (5609,1247)  (5624,1274)  (5636,1246)  (5611,1328)  (5584,1328) 
Danzig  (3395,746)  (3421,773)  (3394,773)  (3448,768)  (3448,795)  (3421,800) 
118 Sea Zone  (9635,2818)  (9608,2844)  (9608,2817)  (9661,2845)  (9635,2791)  (9662,2791)  (9662,2818)  (9606,2790)  (9634,2871)  (9607,2871)  (9581,2844)  (9581,2817)  (9688,2845)  (9688,2872)  (9661,2872)  (9580,2872)  (9633,2764)  (9660,2764)  (9687,2764)  (9689,2791)  (9689,2818)  (9579,2790)  (9579,2763)  (9606,2763)  (9714,2739)  (9634,2898)  (9607,2898)  (9554,2845)  (9554,2818)  (9715,2845)  (9715,2872)  (9715,2899)  (9688,2899)  (9661,2899)  (9580,2899)  (9553,2899)  (9553,2872)  (9633,2737)  (9660,2737)  (9687,2737)  (9716,2766)  (9716,2793)  (9552,2791)  (9552,2764)  (9552,2737)  (9579,2736)  (9606,2736)  (9714,2712)  (9741,2712)  (9741,2739)  (9634,2925)  (9607,2925)  (9527,2845)  (9527,2818) 
10 Sea Zone  (2573,419)  (2546,445)  (2546,418)  (2599,446)  (2573,392)  (2600,392)  (2600,419)  (2544,391)  (2572,472)  (2545,472)  (2519,445)  (2519,418)  (2626,446)  (2626,473)  (2599,473)  (2518,473)  (2571,365)  (2598,365)  (2625,365)  (2627,392)  (2627,419)  (2517,391)  (2517,364)  (2544,364)  (2652,340)  (2572,499)  (2545,499)  (2492,446)  (2492,419)  (2653,446)  (2653,473)  (2653,500)  (2626,500)  (2599,500)  (2518,500)  (2491,500)  (2491,473)  (2571,338)  (2598,338)  (2625,338)  (2654,367)  (2654,394)  (2490,392)  (2490,365)  (2490,338)  (2517,337)  (2544,337)  (2652,313)  (2679,313)  (2679,340)  (2572,526)  (2545,526)  (2465,446)  (2465,419) 
77 Sea Zone  (7685,868)  (7658,894)  (7658,867)  (7711,895)  (7685,841)  (7712,841)  (7712,868)  (7656,840)  (7684,921)  (7657,921)  (7631,894)  (7631,867)  (7738,895)  (7738,922)  (7711,922)  (7630,922)  (7683,814)  (7710,814)  (7737,814)  (7739,841)  (7739,868)  (7629,840)  (7629,813)  (7656,813)  (7764,789)  (7684,948)  (7657,948)  (7604,895)  (7604,868)  (7765,895)  (7765,922)  (7765,949)  (7738,949)  (7711,949)  (7630,949)  (7603,949)  (7603,922)  (7683,787)  (7710,787)  (7737,787)  (7766,816)  (7766,843)  (7602,841)  (7602,814)  (7602,787)  (7629,786)  (7656,786)  (7764,762)  (7791,762)  (7791,789)  (7684,975)  (7657,975)  (7577,895)  (7577,868) 
Olyokminsk  (6004,614)  (5977,640)  (5977,613)  (6030,641)  (6004,587)  (6031,587)  (6031,614)  (5975,586)  (6003,667)  (5976,667)  (5950,640)  (5950,613)  (5949,668)  (6002,560)  (6029,560)  (6056,560)  (6058,587)  (6058,614)  (5975,559)  (6083,535)  (5985,694)  (5923,641)  (5958,695)  (5931,695)  (5922,668)  (6002,533)  (6029,533)  (6056,533)  (6085,562)  (6085,589)  (5904,709)  (6083,508)  (6110,508)  (5895,682)  (5895,655)  (6014,506)  (6041,506)  (6068,481)  (6095,481)  (6122,481)  (5868,666)  (6014,479)  (6041,479)  (6149,468)  (6068,454)  (6095,454)  (6122,454)  (6011,452)  (6038,452)  (6065,427)  (6092,427)  (6119,427) 
Gold Coast  (2767,2140)  (2740,2151)  (2740,2124)  (2793,2167)  (2767,2113)  (2794,2113)  (2794,2140)  (2723,2097)  (2808,2194)  (2781,2194)  (2750,2086)  (2777,2086)  (2821,2114)  (2816,2221)  (2789,2221)  (2739,2059)  (2766,2059)  (2793,2059)  (2762,2222)  (2797,2248) 
Hungary  (3419,972)  (3392,998)  (3392,971)  (3445,999)  (3419,945)  (3446,945)  (3446,972)  (3418,1025)  (3472,999)  (3473,926)  (3473,953)  (3500,926)  (3500,953) 
Campania  (3360,1259) 
Tasmania  (7033,3547)  (7006,3558)  (7006,3531)  (7041,3574)  (7060,3528) 
120 Sea Zone  (7542,3180)  (7515,3206)  (7515,3179)  (7568,3207)  (7542,3153)  (7569,3153)  (7569,3180)  (7513,3152)  (7541,3233)  (7514,3233)  (7488,3206)  (7488,3179)  (7595,3207)  (7595,3234)  (7568,3234)  (7540,3126)  (7567,3126)  (7594,3126)  (7596,3153)  (7596,3180)  (7486,3152)  (7486,3125)  (7513,3125)  (7621,3101)  (7541,3260)  (7514,3260)  (7461,3227)  (7461,3200)  (7622,3207)  (7622,3234)  (7622,3261)  (7595,3261)  (7568,3261)  (7540,3099)  (7567,3099)  (7594,3099)  (7623,3128)  (7623,3155)  (7459,3173)  (7459,3146)  (7459,3119)  (7486,3098)  (7513,3098)  (7453,3092)  (7621,3074)  (7648,3074)  (7648,3101)  (7541,3287)  (7514,3287)  (7434,3227)  (7434,3200) 
Ceylon  (5272,2191) 
Leningrad  (3639,522) 
71 Sea Zone  (8285,101)  (8258,127)  (8258,100)  (8311,128)  (8285,74)  (8312,74)  (8312,101)  (8256,73)  (8284,154)  (8257,154)  (8231,127)  (8231,100)  (8338,128)  (8338,155)  (8311,155)  (8230,155)  (8283,47)  (8310,47)  (8337,47)  (8339,74)  (8339,101)  (8229,73)  (8229,46)  (8256,46)  (8364,22)  (8284,181)  (8257,181)  (8204,128)  (8204,101)  (8365,128)  (8365,155)  (8365,182)  (8338,182)  (8311,182)  (8230,182)  (8203,182)  (8203,155)  (8283,20)  (8310,20)  (8337,20)  (8366,49)  (8366,76)  (8202,74)  (8202,47)  (8202,20)  (8229,19)  (8256,19)  (8391,3)  (8284,208)  (8257,208)  (8177,128)  (8177,101) 
Kwangsi  (6084,1762)  (6057,1770)  (6111,1751) 
Middle Norrland  (3345,398)  (3318,424)  (3318,397)  (3371,425)  (3345,371)  (3372,371)  (3372,398)  (3344,451)  (3317,451)  (3342,344)  (3399,367)  (3347,317) 
Changtang  (5459,1410)  (5432,1436)  (5432,1409)  (5485,1437)  (5459,1383)  (5486,1383)  (5486,1410)  (5430,1382)  (5512,1437)  (5513,1362)  (5513,1389)  (5403,1401)  (5539,1416)  (5540,1359)  (5540,1386)  (5567,1363)  (5567,1390) 
30 Sea Zone  (2340,1291)  (2313,1317)  (2313,1290)  (2366,1318)  (2340,1264)  (2367,1264)  (2367,1291)  (2311,1263)  (2339,1344)  (2312,1344)  (2286,1317)  (2286,1290)  (2393,1318)  (2393,1345)  (2366,1345)  (2285,1345)  (2338,1237)  (2365,1237)  (2392,1237)  (2394,1264)  (2394,1291)  (2284,1263)  (2284,1236)  (2311,1236)  (2419,1212)  (2339,1371)  (2312,1371)  (2259,1318)  (2259,1291)  (2407,1372)  (2380,1372)  (2285,1372)  (2258,1372)  (2258,1345)  (2338,1210)  (2365,1210)  (2392,1210)  (2421,1239)  (2421,1266)  (2257,1264)  (2257,1237)  (2257,1210)  (2284,1209)  (2311,1209)  (2419,1185)  (2446,1185)  (2446,1212)  (2353,1398)  (2326,1398)  (2407,1399)  (2380,1399)  (2299,1399)  (2272,1399)  (2245,1399) 
Stockholm  (3321,561)  (3294,587)  (3294,560)  (3346,588)  (3321,534)  (3348,534)  (3348,561)  (3292,533)  (3319,614)  (3337,507)  (3364,507)  (3375,534)  (3295,506)  (3339,641)  (3312,641) 
E.Tibet  (5493,1522)  (5466,1548)  (5466,1521)  (5502,1549)  (5493,1495)  (5520,1495)  (5520,1522)  (5464,1494)  (5439,1543)  (5547,1483)  (5547,1510)  (5547,1537)  (5437,1516)  (5574,1531) 
Albania  (3506,1213) 
108 Sea Zone  (7011,2322)  (6984,2348)  (6984,2321)  (7037,2349)  (7011,2295)  (7038,2295)  (7038,2322)  (6982,2294)  (7010,2375)  (6983,2375)  (6957,2348)  (6957,2321)  (7064,2349)  (7064,2376)  (7037,2376)  (6956,2376)  (7009,2268)  (7036,2268)  (7063,2268)  (7065,2295)  (7065,2322)  (6955,2294)  (6955,2267)  (6982,2267)  (7090,2243)  (6930,2349)  (6930,2322)  (7091,2349)  (7091,2376)  (7091,2403)  (7064,2403)  (6944,2403)  (6929,2376)  (7009,2241)  (7036,2241)  (7063,2241)  (7092,2270)  (7092,2297)  (6928,2295)  (6928,2268)  (6928,2241)  (6955,2240)  (6982,2240)  (6917,2410)  (7090,2216)  (7117,2216)  (7117,2243)  (6903,2349)  (6903,2322)  (7118,2324)  (7118,2351)  (7118,2378)  (7118,2405) 
Adak  (8377,283) 
Upper Norrland  (3426,271)  (3399,297)  (3399,270)  (3452,298)  (3426,244)  (3453,244)  (3453,271)  (3425,324)  (3398,324)  (3414,217)  (3441,217)  (3468,217)  (3480,247) 
102 Sea Zone  (7369,1994)  (7342,2020)  (7342,1993)  (7395,2021)  (7369,1967)  (7396,1967)  (7396,1994)  (7340,1966)  (7368,2047)  (7341,2047)  (7315,2020)  (7315,1993)  (7422,2021)  (7422,2048)  (7395,2048)  (7314,2048)  (7367,1940)  (7394,1940)  (7421,1940)  (7423,1967)  (7423,1994)  (7313,1966)  (7313,1939)  (7340,1939)  (7448,1915)  (7368,2074)  (7341,2074)  (7288,2021)  (7288,1994)  (7449,2021)  (7449,2048)  (7449,2075)  (7422,2075)  (7395,2075)  (7314,2075)  (7287,2075)  (7287,2048)  (7367,1913)  (7394,1913)  (7421,1913)  (7450,1942)  (7450,1969)  (7286,1967)  (7286,1940)  (7286,1913)  (7313,1912)  (7340,1912)  (7448,1888)  (7475,1888)  (7475,1915)  (7368,2101)  (7341,2101)  (7261,2021)  (7261,1994) 
87 Sea Zone  (7578,1319)  (7551,1345)  (7551,1318)  (7604,1346)  (7578,1292)  (7605,1292)  (7605,1319)  (7549,1291)  (7577,1372)  (7550,1372)  (7524,1345)  (7524,1318)  (7631,1346)  (7631,1373)  (7604,1373)  (7523,1373)  (7576,1265)  (7603,1265)  (7630,1265)  (7632,1292)  (7632,1319)  (7522,1291)  (7522,1264)  (7549,1264)  (7657,1240)  (7577,1399)  (7550,1399)  (7497,1346)  (7497,1319)  (7658,1346)  (7658,1373)  (7658,1400)  (7631,1400)  (7604,1400)  (7523,1400)  (7496,1400)  (7496,1373)  (7576,1238)  (7603,1238)  (7630,1238)  (7659,1267)  (7659,1294)  (7495,1292)  (7495,1265)  (7495,1238)  (7522,1237)  (7549,1237)  (7657,1213)  (7684,1213)  (7684,1240)  (7577,1426)  (7550,1426)  (7470,1346)  (7470,1319) 
Corsica  (3128,1175) 
Bougainville  (7528,2556)  (7543,2583) 
61 Sea Zone  (5693,2074)  (5666,2100)  (5666,2073)  (5719,2101)  (5693,2047)  (5720,2047)  (5720,2074)  (5664,2046)  (5692,2127)  (5665,2127)  (5639,2100)  (5639,2073)  (5746,2101)  (5746,2128)  (5719,2128)  (5638,2128)  (5691,2020)  (5718,2020)  (5745,2020)  (5747,2047)  (5747,2074)  (5637,2046)  (5637,2019)  (5664,2019)  (5692,2154)  (5665,2154)  (5773,2101)  (5773,2128)  (5768,2155)  (5741,2155)  (5638,2155)  (5691,1993)  (5718,1993)  (5745,1993)  (5774,2052)  (5617,1992)  (5644,1992)  (5727,1966)  (5617,1965)  (5644,1965)  (5617,1938)  (5644,1938)  (5617,1911)  (5644,1911)  (5617,1884) 
Khabarovsk  (6509,886)  (6482,912)  (6482,885)  (6535,913)  (6509,859)  (6536,859)  (6536,886)  (6480,858)  (6508,939)  (6481,939)  (6562,913)  (6562,940)  (6535,940)  (6507,832)  (6534,832)  (6561,832)  (6563,859)  (6563,886)  (6470,831)  (6443,814)  (6588,807)  (6508,966)  (6589,919)  (6575,967)  (6548,967)  (6497,805)  (6524,805)  (6551,805)  (6470,804)  (6419,787)  (6578,780)  (6605,780)  (6521,993)  (6577,994)  (6550,994)  (6497,778)  (6524,778)  (6454,777)  (6575,753) 
Kirov  (4173,371)  (4146,397)  (4146,370)  (4199,398)  (4173,344)  (4200,344)  (4200,371)  (4144,343)  (4172,424)  (4145,424)  (4119,397)  (4119,370)  (4226,398)  (4226,425)  (4199,425)  (4118,425)  (4171,317)  (4198,317)  (4225,317)  (4227,344)  (4227,371)  (4117,343)  (4117,316)  (4144,316)  (4252,298)  (4172,451)  (4092,398)  (4092,371)  (4253,398)  (4253,425)  (4253,452)  (4226,452)  (4199,452)  (4171,290)  (4198,290)  (4225,290)  (4254,325)  (4254,352)  (4090,344)  (4090,317)  (4090,290)  (4117,289)  (4144,289)  (4280,379)  (4280,406)  (4280,433)  (4280,460)  (4211,479)  (4281,315)  (4281,342)  (4063,358)  (4063,331) 
W.Chinghai  (5597,1274)  (5613,1301)  (5586,1301)  (5582,1247)  (5609,1247)  (5624,1274)  (5636,1246)  (5611,1328)  (5584,1328) 
Bolivia  (943,2670)  (916,2696)  (916,2669)  (969,2697)  (943,2643)  (970,2643)  (970,2670)  (914,2642)  (942,2723)  (915,2723)  (889,2696)  (889,2669)  (996,2697)  (996,2724)  (969,2724)  (888,2724)  (941,2616)  (968,2616)  (995,2616)  (997,2643)  (997,2670)  (887,2642)  (887,2615)  (914,2615)  (1022,2615)  (942,2750)  (915,2750)  (862,2676)  (1023,2697)  (1023,2724)  (1011,2751)  (984,2751)  (888,2751)  (941,2589)  (968,2589)  (1024,2642)  (1024,2669)  (860,2649)  (860,2622)  (860,2595)  (887,2588)  (914,2588)  (1050,2696)  (941,2562)  (1051,2647)  (875,2561)  (902,2561)  (1077,2675)  (875,2534) 
Ufa  (4685,693)  (4658,719)  (4658,692)  (4711,720)  (4685,666)  (4712,666)  (4712,693)  (4656,665)  (4684,746)  (4657,746)  (4631,719)  (4631,692)  (4738,720)  (4738,747)  (4711,747)  (4630,747)  (4683,639)  (4710,639)  (4737,639)  (4739,666)  (4739,693)  (4629,665)  (4629,638)  (4656,638)  (4764,614)  (4684,773)  (4657,773)  (4604,720)  (4604,693)  (4765,720)  (4765,747)  (4765,774)  (4738,774)  (4711,774)  (4630,774)  (4603,774)  (4603,747)  (4683,612)  (4710,612)  (4737,612)  (4766,641)  (4766,668)  (4602,666)  (4602,639)  (4602,612)  (4629,611)  (4656,611)  (4764,587)  (4791,587)  (4791,614)  (4684,800)  (4657,800)  (4577,720)  (4577,693) 
Yukon  (9369,119)  (9342,145)  (9342,118)  (9395,146)  (9369,92)  (9396,92)  (9396,119)  (9340,91)  (9368,172)  (9341,172)  (9315,145)  (9315,118)  (9422,146)  (9422,173)  (9395,173)  (9314,173)  (9367,65)  (9394,65)  (9421,65)  (9423,92)  (9423,119)  (9313,91)  (9313,64)  (9340,64)  (9448,40)  (9368,199)  (9341,199)  (9288,146)  (9288,119)  (9449,146)  (9449,173)  (9449,200)  (9422,200)  (9395,200)  (9314,200)  (9287,200)  (9287,173)  (9367,38)  (9394,38)  (9421,38)  (9450,67)  (9450,94)  (9286,92)  (9286,65)  (9286,38)  (9313,37)  (9340,37)  (9448,13)  (9475,13)  (9475,40)  (9368,226)  (9341,226)  (9261,146)  (9261,119) 
33 Sea Zone  (2030,1998)  (2003,2024)  (2003,1997)  (2056,2025)  (2030,1971)  (2057,1971)  (2057,1998)  (2001,1970)  (2029,2051)  (2002,2051)  (1976,2024)  (1976,1997)  (2083,2025)  (2083,2052)  (2056,2052)  (1975,2052)  (2028,1944)  (2055,1944)  (2082,1944)  (2084,1971)  (2084,1998)  (1974,1970)  (1974,1943)  (2001,1943)  (2109,1919)  (2029,2078)  (2002,2078)  (1949,2025)  (1949,1998)  (2110,2025)  (2110,2052)  (2110,2079)  (2083,2079)  (2056,2079)  (1975,2079)  (1948,2079)  (1948,2052)  (2028,1917)  (2055,1917)  (2082,1917)  (2111,1946)  (2111,1973)  (1947,1971)  (1947,1944)  (1947,1917)  (1974,1916)  (2001,1916)  (2109,1892)  (2136,1892)  (2136,1919)  (2029,2105)  (2002,2105)  (1922,2025)  (1922,1998) 
Guadalcanal  (7688,2654) 
Tripoli  (3236,1518)  (3209,1523)  (3209,1496)  (3262,1545)  (3236,1491)  (3263,1491)  (3263,1518)  (3182,1518)  (3289,1545)  (3290,1518)  (3155,1498) 
Wuhan  (6115,1486)  (6088,1465)  (6140,1513)  (6113,1513)  (6115,1459)  (6142,1460)  (6074,1438)  (6137,1540)  (6110,1540)  (6101,1432) 
N.Chile  (831,2887)  (849,2914)  (818,2860)  (845,2860)  (848,2941)  (826,2833)  (853,2833)  (848,2968)  (828,2806)  (855,2806)  (854,2995)  (828,2779)  (861,3022)  (834,3022)  (830,2752)  (861,3049)  (834,3049)  (830,2725)  (860,3076)  (833,3076)  (806,3082)  (855,3103)  (828,3109)  (801,3109) 
Baluchistan  (4896,1620)  (4869,1646)  (4869,1619)  (4922,1647)  (4896,1593)  (4923,1593)  (4923,1620)  (4867,1592)  (4895,1673)  (4868,1673)  (4842,1646)  (4842,1619)  (4949,1647)  (4949,1674)  (4922,1674)  (4894,1566)  (4921,1566)  (4948,1566)  (4950,1593)  (4950,1620)  (4840,1592)  (4840,1565)  (4867,1565)  (4975,1541)  (4895,1700)  (4868,1700)  (4815,1648)  (4815,1621)  (4976,1647)  (4976,1674)  (4976,1701)  (4949,1701)  (4922,1701)  (4894,1539)  (4921,1539)  (4948,1539)  (4977,1568)  (4977,1595)  (4813,1594)  (4813,1567)  (4975,1514)  (5002,1514)  (5002,1541)  (4788,1647)  (5003,1622)  (5003,1649)  (5003,1676)  (4981,1728)  (4954,1728)  (4927,1728)  (4889,1512)  (4916,1512)  (4943,1512)  (5004,1568)  (5004,1595) 
E.Sinkiang  (5472,1275)  (5445,1301)  (5445,1274)  (5498,1302)  (5472,1248)  (5499,1248)  (5499,1275)  (5443,1247)  (5471,1328)  (5444,1328)  (5418,1301)  (5513,1221)  (5526,1248)  (5526,1275)  (5540,1207) 
Serbia  (3490,1146)  (3463,1172)  (3463,1145)  (3517,1122)  (3517,1149)  (3533,1176)  (3436,1171)  (3544,1116)  (3544,1143) 
36 Sea Zone  (2387,2278)  (2360,2304)  (2360,2277)  (2413,2305)  (2387,2251)  (2414,2251)  (2414,2278)  (2358,2250)  (2386,2331)  (2359,2331)  (2333,2304)  (2333,2277)  (2440,2305)  (2440,2332)  (2413,2332)  (2332,2332)  (2385,2224)  (2412,2224)  (2439,2224)  (2441,2251)  (2441,2278)  (2331,2250)  (2331,2223)  (2358,2223)  (2466,2211)  (2386,2358)  (2359,2358)  (2306,2305)  (2306,2278)  (2467,2305)  (2467,2332)  (2467,2359)  (2440,2359)  (2413,2359)  (2332,2359)  (2305,2359)  (2305,2332)  (2385,2197)  (2412,2197)  (2439,2197)  (2468,2238)  (2468,2265)  (2304,2251)  (2304,2224)  (2304,2197)  (2331,2196)  (2358,2196)  (2386,2385)  (2359,2385)  (2279,2305)  (2279,2278) 
Novgorod  (3683,578)  (3656,601)  (3690,551)  (3717,560) 
S.Thailand  (5816,2094)  (5819,2121)  (5815,2067)  (5819,2148)  (5814,2040)  (5841,2024)  (5827,2175)  (5827,1997) 
74 Sea Zone  (8813,374)  (8786,400)  (8786,373)  (8839,401)  (8813,347)  (8840,347)  (8840,374)  (8784,346)  (8812,427)  (8785,427)  (8759,400)  (8759,373)  (8866,401)  (8866,428)  (8839,428)  (8758,428)  (8811,320)  (8838,320)  (8865,320)  (8867,347)  (8867,374)  (8757,346)  (8757,319)  (8784,319)  (8892,295)  (8812,454)  (8785,454)  (8732,401)  (8732,374)  (8893,401)  (8893,428)  (8893,455)  (8866,455)  (8839,455)  (8758,455)  (8731,455)  (8731,428)  (8811,293)  (8838,293)  (8865,293)  (8894,322)  (8894,349)  (8730,347)  (8730,320)  (8730,293)  (8757,292)  (8784,292)  (8919,286)  (8812,481)  (8785,481)  (8705,401)  (8705,374) 
Baleares  (2913,1269) 
Peleliu  (6834,2164) 
105 Sea Zone  (5985,2210)  (5958,2236)  (5958,2209)  (6011,2237)  (6012,2186)  (5956,2182)  (5984,2263)  (5957,2263)  (6038,2213)  (6038,2240)  (6011,2264)  (6039,2172)  (5929,2159)  (5956,2155)  (6041,2267)  (6058,2145)  (5906,2132)  (5984,2290)  (5957,2290)  (6065,2199)  (6065,2226)  (6014,2291)  (6066,2172)  (5933,2128)  (6068,2253)  (6068,2280)  (6041,2294)  (5879,2154)  (5879,2127)  (5906,2105)  (5874,2100)  (5852,2127)  (5865,2073) 
Newfoundland  (1395,905)  (1368,919)  (1398,878)  (1422,905)  (1449,900)  (1474,938)  (1475,965) 
Burma  (5704,1857)  (5677,1874)  (5677,1847)  (5730,1884)  (5704,1830)  (5731,1830)  (5731,1857)  (5667,1820)  (5703,1901)  (5757,1884)  (5695,1803)  (5722,1803)  (5749,1803)  (5758,1830)  (5758,1857)  (5758,1911)  (5698,1928) 
Stalingrad  (3970,909) 
Tula  (3878,718)  (3851,744)  (3851,717)  (3904,745)  (3878,691)  (3905,691)  (3905,718)  (3877,771)  (3932,691)  (3889,798) 
Sverdlovsk  (4820,482) 
Krakow  (3470,871)  (3443,884)  (3467,844)  (3497,863)  (3524,865)  (3544,892)  (3551,864)  (3571,891) 
20 Sea Zone  (2864,809)  (2837,835)  (2837,808)  (2890,836)  (2891,782)  (2891,809)  (2821,862)  (2810,835)  (2810,808)  (2918,779)  (2918,806)  (2783,859)  (2783,832)  (2783,805)  (2945,772) 
Denmark  (3190,639) 
Manchester  (2877,596)  (2903,623)  (2876,623)  (2856,569)  (2871,542) 
Valencia  (2762,1288)  (2735,1294)  (2764,1315)  (2772,1261) 
49 Sea Zone  (3463,1315)  (3436,1341)  (3436,1314)  (3489,1342)  (3463,1288)  (3490,1293)  (3409,1354)  (3516,1320)  (3516,1347)  (3459,1261)  (3440,1234)  (3467,1234) 
Navarre  (2732,1108)  (2705,1109)  (2759,1108) 